> A1;http://rcin.org.pl/Content/5880/KRIJP_20096_03030400_a1.djvu;;
> A2;http://rcin.org.pl/Content/5881/KRIJP_20097_03030401_a2.djvu;;
> A3;http://rcin.org.pl/Content/5882/KRIJP_20098_03030402_a3.djvu;;
> A4;http://rcin.org.pl/Content/5883/KRIJP_20099_03030403_a4.djvu;;
> A5;http://rcin.org.pl/Content/5884/KRIJP_20100_03030404_a5.djvu;;
> A6;http://rcin.org.pl/Content/5885/KRIJP_20101_03030405_a6.djvu;;
> A7;http://rcin.org.pl/Content/5886/KRIJP_20102_03030406_a7.djvu;;
> Aaron - Abo;http://rcin.org.pl/Content/5936/KRIJP_20189_03030407_aaron-abo.djvu;;
> Abo-Abundacyja;http://rcin.org.pl/Content/5938/KRIJP_20191_03030409_abo-abundacyja.djvu;;
> Aby 2;http://rcin.org.pl/Content/5941/KRIJP_20194_03030410_aby2.djvu;;
> Aby-Abowiem;http://rcin.org.pl/Content/5940/KRIJP_20192_03030412_aby-abowiem.djvu;;
> Aby3 - Abzać;http://rcin.org.pl/Content/5942/KRIJP_20195_03030411_aby3-abzac.djvu;;
> Acemetka - Aftować;http://rcin.org.pl/Content/5943/KRIJP_20196_03030413_acemetka-aftowac.djvu;;
> Aga - Alczbant;http://rcin.org.pl/Content/5944/KRIJP_20197_03030414_aga-alczbant.djvu;;
> Albo-);http://rcin.org.pl/Content/5937/KRIJP_20190_03030408_aboabo-alboalbo-.djvu;;
> Ale 2;http://rcin.org.pl/Content/5946/KRIJP_20200_03030416_ale2.djvu;;
> Ale2 - Albowiem;http://rcin.org.pl/Content/5947/KRIJP_20201_03030417_ale2-albowiem.djvu;;
> Ale;http://rcin.org.pl/Content/5945/KRIJP_20199_03030415_ale.djvu;;
> Aleat - Angustyja;http://rcin.org.pl/Content/5948/KRIJP_20202_03030418_aleat-angustyja.djvu;;
> Ani;http://rcin.org.pl/Content/5949/KRIJP_20204_03030419_ani.djvu;;
> Anihilacja - Apetytowy;http://rcin.org.pl/Content/5950/KRIJP_20205_03030420_anihilacja-apetytowy.djvu;;
> Apijski - Arendka;http://rcin.org.pl/Content/5985/KRIJP_20278_03030421_apijski-arendka.djvu;;
> Arendować - Asystencja;http://rcin.org.pl/Content/5986/KRIJP_20280_03030422_arendowac-asystencja.djvu;;
> Asystent - Aż1;http://rcin.org.pl/Content/5987/KRIJP_20285_03030423_asystent-az1.djvu;;
> Ażur;http://rcin.org.pl/Content/5988/KRIJP_20286_03030424_azur.djvu;;
> B - Bać się;http://rcin.org.pl/Content/5989/KRIJP_20288_03030429_b-bacsie.djvu;;
> Bankiet - Barysznik;http://rcin.org.pl/Content/5991/KRIJP_20290_03030426_bankiet-barysznik.djvu;;
> Bardzo;http://rcin.org.pl/Content/5992/KRIJP_20291_03030427_bardzo.djvu;;
> Barzy - Bąkowy;http://rcin.org.pl/Content/5993/KRIJP_20292_03030428_barzy-bakowy.djvu;;
> Bać się - Bankierz;http://rcin.org.pl/Content/5990/KRIJP_20289_03030425_bacsie-bankierz.djvu;;
> Bdelion - Bezkształt;http://rcin.org.pl/Content/5994/KRIJP_20296_03030430_bdelion-bezksztalt.djvu;;
> Bezkształtnie - Białogliniaty;http://rcin.org.pl/Content/5995/KRIJP_20297_03030431_bezksztaltnie-bialog.djvu;;
> Białogłowa - Bić1;http://rcin.org.pl/Content/5996/KRIJP_20299_03030432_bialoglowa-bic1.djvu;;
> Biesiadka - Blankiet;http://rcin.org.pl/Content/5997/KRIJP_20301_03030434_biesiadka-blankiet.djvu;;
> Bić2 - Biesiada;http://rcin.org.pl/Content/5998/KRIJP_20303_03030433_bic2-biesiada.djvu;;
> Blankietowy - Błądzić;http://rcin.org.pl/Content/6001/KRIJP_20305_03030435_blankietowy-bladzic.djvu;;
> Bo2 - Bogini;http://rcin.org.pl/Content/6006/KRIJP_20307_03030438_bo2-bogini.djvu;;
> Bo;http://rcin.org.pl/Content/6004/KRIJP_20306_03030437_bo.djvu;;
> Bogna - Bolesny;http://rcin.org.pl/Content/6012/KRIJP_20309_03030439_bogna-bolesny.djvu;;
> Boleściwie - Bożogrobski;http://rcin.org.pl/Content/6017/KRIJP_20311_03030440_bolesciwie-bozogrobs.djvu;;
> Boży - Bóg1;http://rcin.org.pl/Content/6082/KRIJP_20332_03030441_bozy-bog1.djvu;;
> Brat2 - Bronić się;http://rcin.org.pl/Content/6182/KRIJP_20380_03030445_brat2-bronic-sie.djvu;;
> Brać się - Brat1;http://rcin.org.pl/Content/6183/KRIJP_20381_03030444_bracsie-brat1.djvu;;
> Bronienie - Brzózka;http://rcin.org.pl/Content/6184/KRIJP_20382_03030446_bronienie-brzozka.djvu;;
> Brzuch - Buksztelować;http://rcin.org.pl/Content/6185/KRIJP_20383_03030447_brzuch-buksztelowac.djvu;;
> Bukwiany - Byczyński;http://rcin.org.pl/Content/6186/KRIJP_20384_03030448_bukwiany-byczynski.djvu;;
> By;http://rcin.org.pl/Content/6187/KRIJP_20385_03030449_by.djvu;;
> Być10;http://rcin.org.pl/Content/6196/KRIJP_20389_03030451_byc10.djvu;;
> Być11;http://rcin.org.pl/Content/6199/KRIJP_20390_03030452_byc11.djvu;;
> Być12 - Bykowy;http://rcin.org.pl/Content/6200/KRIJP_20391_03030453_byc12-bykowy.djvu;;
> Być1;http://rcin.org.pl/Content/6194/KRIJP_20388_03030450_byc1.djvu;;
> Być2;http://rcin.org.pl/Content/17269/KRIJP_20386_03030454_byc2.djvu;;
> Być3;http://rcin.org.pl/Content/6202/KRIJP_20392_03030455_byc3.djvu;;
> Być4;http://rcin.org.pl/Content/6205/KRIJP_20393_03030456_byc4.djvu;;
> Być5;http://rcin.org.pl/Content/6192/KRIJP_20387_03030457_byc5.djvu;;
> Być6;http://rcin.org.pl/Content/6206/KRIJP_20394_03030458_byc6.djvu;;
> Być7;http://rcin.org.pl/Content/6209/KRIJP_20395_03030459_byc7.djvu;;
> Być8;http://rcin.org.pl/Content/6211/KRIJP_20396_03030460_byc8.djvu;;
> Być9;http://rcin.org.pl/Content/6213/KRIJP_20397_03030461_byc9.djvu;;
> Był - Bździoszka;http://rcin.org.pl/Content/6214/KRIJP_20398_03030462_byl-bzdzioszka.djvu;;
> Bóg2;http://rcin.org.pl/Content/6010/KRIJP_20308_03030442_bog2.djvu;;
> Bój - Brać;http://rcin.org.pl/Content/6014/KRIJP_20310_03030443_boj-brac.djvu;;
> Błąkacz - Bogatostrojny;http://rcin.org.pl/Content/5999/KRIJP_20304_03030436_blakacz-bogatostrojn.djvu;;
> C - Cały;http://rcin.org.pl/Content/6215/KRIJP_20399_03030464_c-caly.djvu;;
> Cały(c.d.) - Cel;http://rcin.org.pl/Content/6216/KRIJP_20400_03030463_calycd-cel.djvu;;
> Cela - Cesarszczyk;http://rcin.org.pl/Content/6217/KRIJP_20401_03030465_cela-cesarszczyk.djvu;;
> Cesarz - Cętnowy;http://rcin.org.pl/Content/6218/KRIJP_20402_03030466_cesarz-cetnowy.djvu;;
> Ch - Chcieć1;http://rcin.org.pl/Content/6219/KRIJP_20403_03030467_ch-chciec1.djvu;;
> Chcieć2;http://rcin.org.pl/Content/6220/KRIJP_20404_03030468_chciec2.djvu;;
> Chcieć3 - Chęciński;http://rcin.org.pl/Content/6221/KRIJP_20405_03030469_chciec3-checinski.djvu;;
> Chmura;http://rcin.org.pl/Content/6223/KRIJP_20407_03030472_chmura.djvu;;
> Chodzić cd - Chorąstwo;http://rcin.org.pl/Content/6224/KRIJP_20408_03030473_chodziccd-chorastwo.djvu;;
> Chorążanka - Chować;http://rcin.org.pl/Content/6283/KRIJP_20429_03030474_chorazanka-chowac.djvu;;
> Chować się - Chrześcijanin;http://rcin.org.pl/Content/6284/KRIJP_20430_03030475_chowacsie-chrzescija.djvu;;
> Chrześcijanin - Chwalny;http://rcin.org.pl/Content/6285/KRIJP_20431_03030476_chrzescijanin-chwaln.djvu;;
> Chwał - Chyży;http://rcin.org.pl/Content/6330/KRIJP_20500_03030477_chwal-chyzy.djvu;;
> Chęć - Chłodzić;http://rcin.org.pl/Content/6222/KRIJP_20406_03030470_chec-chlodzic.djvu;;
> Chłop - Chmura;http://rcin.org.pl/Content/6331/KRIJP_20501_03030471_chlop-chmura.djvu;;
> Ci - Cialo;http://rcin.org.pl/Content/6332/KRIJP_20502_03030479_ci-cialo.djvu;;
> Ciałowy - Cielesność;http://rcin.org.pl/Content/6333/KRIJP_20503_03030478_cialowy-cielesnosc.djvu;;
> Cielesny -- Ciepłowolny;http://rcin.org.pl/Content/6334/KRIJP_20504_03030480_cielesny-cieplowolny.djvu;;
> Ciepły - Ciesń;http://rcin.org.pl/Content/6335/KRIJP_20505_03030481_cieply-ciesn.djvu;;
> Cietrzew - Ciężko;http://rcin.org.pl/Content/6336/KRIJP_20506_03030482_cietrzew-ciezko.djvu;;
> Ciężkość - Cnota;http://rcin.org.pl/Content/6337/KRIJP_20507_03030483_ciezkosc-cnota.djvu;;
> Cnota-cd - Co1;http://rcin.org.pl/Content/6338/KRIJP_20508_03030484_cnota-cd-co1.djvu;;
> Co2;http://rcin.org.pl/Content/6339/KRIJP_20509_03030485_co2.djvu;;
> Co3;http://rcin.org.pl/Content/6340/KRIJP_20510_03030486_co3.djvu;;
> Co4;http://rcin.org.pl/Content/6341/KRIJP_20511_03030487_co4.djvu;;
> Co5;http://rcin.org.pl/Content/6342/KRIJP_20513_03030488_co5.djvu;;
> Co6;http://rcin.org.pl/Content/6343/KRIJP_20514_03030489_co6.djvu;;
> Co7;http://rcin.org.pl/Content/6344/KRIJP_20515_03030490_co7.djvu;;
> D - Dać;http://rcin.org.pl/Content/6345/KRIJP_20516_03030496_d-dac.djvu;;
> Daleko - Darowizna;http://rcin.org.pl/Content/6346/KRIJP_20518_03030493_daleko-darowizna.djvu;;
> Darowanie - Dawność;http://rcin.org.pl/Content/6347/KRIJP_20519_03030494_darowanie-dawnosc.djvu;;
> Dawny - Deklaracja;http://rcin.org.pl/Content/6348/KRIJP_20520_03030495_dawny-deklaracja.djvu;;
> Dać2;http://rcin.org.pl/Content/6349/KRIJP_20521_03030491_dac2.djvu;;
> Dać3 - Daleko1;http://rcin.org.pl/Content/6350/KRIJP_20522_03030492_dac3-daleko1.djvu;;
> Deprymować - Dialektyka;http://rcin.org.pl/Content/6351/KRIJP_20524_03030497_deprymowac-dialektyk.djvu;;
> Dialog - Dla1;http://rcin.org.pl/Content/6352/KRIJP_20525_03030498_dialog-dla1.djvu;;
> Dla2 - Dlatego;http://rcin.org.pl/Content/6353/KRIJP_20526_03030499_dla2-dlatego.djvu;;
> Dlatego2 - Długo;http://rcin.org.pl/Content/6421/KRIJP_20550_03030500_dlatego2-dlugo.djvu;;
> Do2;http://rcin.org.pl/Content/6422/KRIJP_20551_03030503_do2.djvu;;
> Do3;http://rcin.org.pl/Content/6423/KRIJP_20553_03030504_do3.djvu;;
> Do4;http://rcin.org.pl/Content/6424/KRIJP_20555_03030505_do4.djvu;;
> Do5;http://rcin.org.pl/Content/6425/KRIJP_20557_03030506_do5.djvu;;
> Do6;http://rcin.org.pl/Content/6426/KRIJP_20560_03030507_do6.djvu;;
> Do7;http://rcin.org.pl/Content/6428/KRIJP_20561_03030508_do7.djvu;;
> Do8;http://rcin.org.pl/Content/6430/KRIJP_20562_03030509_do8.djvu;;
> Do9 - Dobro;http://rcin.org.pl/Content/6433/KRIJP_20563_03030510_do9-dobro.djvu;;
> Dobrobiorca - Dobry1;http://rcin.org.pl/Content/6436/KRIJP_20564_03030511_dobrobiorca-dobry1.djvu;;
> Dobry2 - Dobrze1;http://rcin.org.pl/Content/6439/KRIJP_20565_03030512_dobry2-dobrze1.djvu;;
> Dobrze2 - Docucić_się;http://rcin.org.pl/Content/6443/KRIJP_20566_03030513_dobrze2-docucic-sie.djvu;;
> Doczekać - Dokaz;http://rcin.org.pl/Content/6445/KRIJP_20567_03030514_doczekac-dokaz.djvu;;
> Dokazać - Dołyszek;http://rcin.org.pl/Content/6565/KRIJP_20647_03030515_dokazac-dolyszek.djvu;;
> Dom - Doma;http://rcin.org.pl/Content/6566/KRIJP_20648_03030517_dom-doma.djvu;;
> Domacać - Dopiekanie;http://rcin.org.pl/Content/6568/KRIJP_20651_03030516_domacac-dopiekanie.djvu;;
> Dopier - Doskonałość;http://rcin.org.pl/Content/6569/KRIJP_20652_03030518_dopier-doskonalosc.djvu;;
> Doskonały - Dostoić;http://rcin.org.pl/Content/6570/KRIJP_20653_03030519_doskonaly-dostoic.djvu;;
> Dostojeństwo - Dotknąć_się;http://rcin.org.pl/Content/6571/KRIJP_20654_03030520_dostojenstwo-dotknac.djvu;;
> Dotknienie - Doznawanie;http://rcin.org.pl/Content/6572/KRIJP_20655_03030521_dotknienie-doznawani.djvu;;
> Dozolariusz - Dół;http://rcin.org.pl/Content/6573/KRIJP_20656_03030522_dozolariusz-dol.djvu;;
> Drab - Drobniusieńko;http://rcin.org.pl/Content/6574/KRIJP_20657_03030523_drab-drobniusienko.djvu;;
> Drobno - Droga;http://rcin.org.pl/Content/6575/KRIJP_20659_03030524_drobno-droga.djvu;;
> Drogeria - Drugi1;http://rcin.org.pl/Content/6678/KRIJP_20798_03030525_drogeria-drugi1.djvu;;
> Drugi2;http://rcin.org.pl/Content/6679/KRIJP_20799_03030526_drugi2.djvu;;
> Drugi3 - Dryfusęk;http://rcin.org.pl/Content/6680/KRIJP_20800_03030527_drugi3-dryfusek.djvu;;
> Drygać - Drzewowy;http://rcin.org.pl/Content/6681/KRIJP_20801_03030528_drygac-drzewowy.djvu;;
> Drzewsko - Dudki;http://rcin.org.pl/Content/6682/KRIJP_20802_03030529_drzewsko-dudki.djvu;;
> Dudkować - Dusza;http://rcin.org.pl/Content/6683/KRIJP_20803_03030530_dudkowac-dusza.djvu;;
> Duszek - Dwa1;http://rcin.org.pl/Content/6684/KRIJP_20804_03030531_duszek-dwa1.djvu;;
> Dwa2 - Dwojdroże;http://rcin.org.pl/Content/6685/KRIJP_20805_03030532_dwa2-dwojdroze.djvu;;
> Dwoje - Dwórniczka;http://rcin.org.pl/Content/6686/KRIJP_20806_03030533_dwoje-dworniczka.djvu;;
> Dwu - Dym;http://rcin.org.pl/Content/6687/KRIJP_20807_03030534_dwu-dym.djvu;;
> Dyma - Dystrakacja;http://rcin.org.pl/Content/6688/KRIJP_20808_03030535_dyma-dystrakacja.djvu;;
> Dystrybucja - Dziad;http://rcin.org.pl/Content/6689/KRIJP_20809_03030536_dystrybucja-dziad.djvu;;
> Dziadek - Dzieciak;http://rcin.org.pl/Content/6690/KRIJP_20810_03030537_dziadek-dzieciak.djvu;;
> Dzieciaty - Dziegieć;http://rcin.org.pl/Content/6691/KRIJP_20811_03030538_dzieciaty-dziegiec.djvu;;
> Dziegna - Dzientilija;http://rcin.org.pl/Content/6692/KRIJP_20812_03030539_dziegna-dzientilija.djvu;;
> Dziesieński - Dzięcioł;http://rcin.org.pl/Content/6693/KRIJP_20813_03030542_dziesienski-dzieciol.djvu;;
> Dzień2 - Dziesiąty;http://rcin.org.pl/Content/6788/KRIJP_21017_03030541_dzien2-dziesiaty.djvu;;
> Dzień;http://rcin.org.pl/Content/6694/KRIJP_20815_03030540_dzien.djvu;;
> Dziób - Dzwon;http://rcin.org.pl/Content/6789/KRIJP_21018_03030544_dziob-dzwon.djvu;;
> Dzięg - Dziśdzień;http://rcin.org.pl/Content/6790/KRIJP_21019_03030543_dzieg-dzisdzien.djvu;;
> Dzwonarz - Egzedra;http://rcin.org.pl/Content/6791/KRIJP_21020_03030545_dzwonarz-egzedra.djvu;;
> Długobok - Dnować;http://rcin.org.pl/Content/6792/KRIJP_21021_03030501_dlugobok-dnowac.djvu;;
> Długobok - Do1;http://rcin.org.pl/Content/6793/KRIJP_21022_03030502_dlugobok-do1.djvu;;
> Egzekucja - Ekspediowanie;http://rcin.org.pl/Content/6794/KRIJP_21023_03030546_egzekucja-ekspediowa.djvu;;
> Ekspedycja - Emundować_się;http://rcin.org.pl/Content/6795/KRIJP_21024_03030547_ekspedycja-emundowac.djvu;;
> Emundowani - Ę;http://rcin.org.pl/Content/6796/KRIJP_21025_03030548_emundowani-e.djvu;;
> F - Faruż;http://rcin.org.pl/Content/6797/KRIJP_21026_03030550_f-faruz.djvu;;
> Faryjski - Filandzki;http://rcin.org.pl/Content/6798/KRIJP_21027_03030549_faryjski-filandzki.djvu;;
> Filar - Folwarczyki;http://rcin.org.pl/Content/6799/KRIJP_21028_03030551_filar-folwarczyki.djvu;;
> Folwark - Fortunarz;http://rcin.org.pl/Content/6800/KRIJP_21029_03030552_folwark-fortunarz.djvu;;
> Fortunat - Frukty;http://rcin.org.pl/Content/6801/KRIJP_21030_03030553_fortunat-frukty.djvu;;
> Fruktować - Fyrynga;http://rcin.org.pl/Content/6802/KRIJP_21031_03030554_fruktowac-fyrynga.djvu;;
> G - Ganić;http://rcin.org.pl/Content/6804/KRIJP_21032_03030563_g-ganic.djvu;;
> Ganienie - Gbeł;http://rcin.org.pl/Content/6805/KRIJP_21033_03030555_ganienie-gbel.djvu;;
> Gbur - Gdy1;http://rcin.org.pl/Content/6806/KRIJP_21034_03030556_gbur-gdy1.djvu;;
> Gdy2;http://rcin.org.pl/Content/6807/KRIJP_21035_03030557_gdy2.djvu;;
> Gdy3 - Gdykolwiek;http://rcin.org.pl/Content/6808/KRIJP_21036_03030558_gdy3-gdykolwiek.djvu;;
> Gdyrać - Gdzie1;http://rcin.org.pl/Content/6809/KRIJP_21037_03030559_gdyrac-gdzie1.djvu;;
> Gdzie2 - Gdzieżkolwiek;http://rcin.org.pl/Content/6810/KRIJP_21038_03030560_gdzie2-gdziezkolwiek.djvu;;
> Gedeonowy - Gęba;http://rcin.org.pl/Content/6811/KRIJP_21039_03030561_gedeonowy-geba.djvu;;
> Gnat - Godność;http://rcin.org.pl/Content/7013/KRIJP_21116_03030567_gnat-godnosc.djvu;;
> Godny - Gogółka;http://rcin.org.pl/Content/7015/KRIJP_21117_03030568_godny-gogolka.djvu;;
> Gogust - Gorącozłoty;http://rcin.org.pl/Content/7016/KRIJP_21119_03030569_gogust-goracozloty.djvu;;
> Gorący - Gospod;http://rcin.org.pl/Content/7130/KRIJP_21216_03030570_goracy-gospod.djvu;;
> Gospoda - Gośccowy;http://rcin.org.pl/Content/7131/KRIJP_21217_03030571_gospoda-gosccowy.djvu;;
> Gotować - Góra;http://rcin.org.pl/Content/7132/KRIJP_21218_03030572_gotowac-gora.djvu;;
> Gramota - Grodzić_się;http://rcin.org.pl/Content/7133/KRIJP_21219_03030574_gramota-grodzic-sie.djvu;;
> Grodzieński - Grób;http://rcin.org.pl/Content/7134/KRIJP_21221_03030575_grodzienski-grob.djvu;;
> Grys - Grzeczny;http://rcin.org.pl/Content/7135/KRIJP_21222_03030577_grys-grzeczny.djvu;;
> Grzeczny - Gwałtem;http://rcin.org.pl/Content/7136/KRIJP_21223_03030578_grzeczny-gwaltem.djvu;;
> Gróbarka - Grypsać;http://rcin.org.pl/Content/7137/KRIJP_21224_03030576_grobarka-grypsac.djvu;;
> Gwałtownie - Gżenie_się;http://rcin.org.pl/Content/7138/KRIJP_21225_03030579_gwaltownie-gzenie-si.djvu;;
> Góra2 - Gotować_się;http://rcin.org.pl/Content/7139/KRIJP_21226_03030573_gora2-gotowac-sie.djvu;;
> Gębacz - Gładki;http://rcin.org.pl/Content/7140/KRIJP_21227_03030562_gebacz-gladki.djvu;;
> Gładko - Głośny;http://rcin.org.pl/Content/7141/KRIJP_21228_03030564_gladko-glosny.djvu;;
> Głowa - Głoźny;http://rcin.org.pl/Content/7142/KRIJP_21229_03030565_glowa-glozny.djvu;;
> Głód - Gnarowanie;http://rcin.org.pl/Content/7143/KRIJP_21230_03030566_glod-gnarowanie.djvu;;
> H - Hardo;http://rcin.org.pl/Content/7144/KRIJP_21231_03030583_h-hardo.djvu;;
> Hardodurny - Heretyk;http://rcin.org.pl/Content/7145/KRIJP_21232_03030580_hardodurny-heretyk.djvu;;
> Herezja - Hetman;http://rcin.org.pl/Content/7146/KRIJP_21233_03030581_herezja-hetman.djvu;;
> Hetmanić - Hołd;http://rcin.org.pl/Content/7147/KRIJP_21234_03030582_hetmanic-hold.djvu;;
> Hołdować - Humiliatka;http://rcin.org.pl/Content/7148/KRIJP_21235_03030584_holdowac-humiliatka.djvu;;
> Humor - Hyża;http://rcin.org.pl/Content/7149/KRIJP_21236_03030585_humor-hyza.djvu;;
> I10;http://rcin.org.pl/Content/7191/KRIJP_21311_03030587_i10.djvu;;
> I11;http://rcin.org.pl/Content/7193/KRIJP_21312_03030588_i11.djvu;;
> I12;http://rcin.org.pl/Content/7196/KRIJP_21313_03030589_i12.djvu;;
> I13;http://rcin.org.pl/Content/7198/KRIJP_21314_03030590_i13.djvu;;
> I14;http://rcin.org.pl/Content/7200/KRIJP_21315_03030591_i14.djvu;;
> I15;http://rcin.org.pl/Content/7202/KRIJP_21316_03030592_i15.djvu;;
> I16;http://rcin.org.pl/Content/7203/KRIJP_21317_03030593_i16.djvu;;
> I17;http://rcin.org.pl/Content/7204/KRIJP_21318_03030594_i17.djvu;;
> I18;http://rcin.org.pl/Content/7205/KRIJP_21319_03030595_i18.djvu;;
> I19;http://rcin.org.pl/Content/7206/KRIJP_21320_03030596_i19.djvu;;
> I1;http://rcin.org.pl/Content/7190/KRIJP_21310_03030586_i1.djvu;;
> I20;http://rcin.org.pl/Content/7209/KRIJP_21323_03030598_i20.djvu;;
> I21;http://rcin.org.pl/Content/7210/KRIJP_21324_03030599_i21.djvu;;
> I22;http://rcin.org.pl/Content/7212/KRIJP_21325_03030600_i22.djvu;;
> I23 - Ilacja;http://rcin.org.pl/Content/7213/KRIJP_21326_03030601_i23-ilacja.djvu;;
> I2;http://rcin.org.pl/Content/7208/KRIJP_21321_03030597_i2.djvu;;
> I3;http://rcin.org.pl/Content/7214/KRIJP_21327_03030602_i3.djvu;;
> I4;http://rcin.org.pl/Content/7216/KRIJP_21328_03030603_i4.djvu;;
> I5;http://rcin.org.pl/Content/7217/KRIJP_21329_03030604_i5.djvu;;
> I6;http://rcin.org.pl/Content/7218/KRIJP_21330_03030605_i6.djvu;;
> I7;http://rcin.org.pl/Content/7219/KRIJP_21331_03030606_i7.djvu;;
> I8;http://rcin.org.pl/Content/7222/KRIJP_21332_03030607_i8.djvu;;
> I9;http://rcin.org.pl/Content/7224/KRIJP_21333_03030608_i9.djvu;;
> Ile - Imię;http://rcin.org.pl/Content/7228/KRIJP_21334_03030609_ile-imie.djvu;;
> Imacz - Importować;http://rcin.org.pl/Content/7231/KRIJP_21335_03030610_imacz-importowac.djvu;;
> Indyjczyk - Inowierny;http://rcin.org.pl/Content/7232/KRIJP_21337_03030611_indyjczyk-inowierny.djvu;;
> Inny - Insystowanie;http://rcin.org.pl/Content/7233/KRIJP_21338_03030612_inny-insystowanie.djvu;;
> Inszy;http://rcin.org.pl/Content/7236/KRIJP_21339_03030613_inszy.djvu;;
> Intabulacja - Intrata;http://rcin.org.pl/Content/7240/KRIJP_21340_03030614_intabulacja-intrata.djvu;;
> Intratka - Iścizna;http://rcin.org.pl/Content/7243/KRIJP_21341_03030615_intratka-iscizna.djvu;;
> Iść;http://rcin.org.pl/Content/7245/KRIJP_21342_03030616_isc.djvu;;
> Iśćców - Izraelski;http://rcin.org.pl/Content/7246/KRIJP_21343_03030617_isccow-izraelski.djvu;;
> Iż - Iżeć;http://rcin.org.pl/Content/7247/KRIJP_21344_03030618_iz-izec.djvu;;
> Ja1;http://rcin.org.pl/Content/7290/KRIJP_21375_03030619_ja1.djvu;;
> Ja2;http://rcin.org.pl/Content/7291/KRIJP_21376_03030620_ja2.djvu;;
> Ja3;http://rcin.org.pl/Content/7292/KRIJP_21377_03030621_ja3.djvu;;
> Ja4 - Jagnięcy;http://rcin.org.pl/Content/7293/KRIJP_21378_03030622_ja4-jagniecy.djvu;;
> Jagoda - Jak1;http://rcin.org.pl/Content/7294/KRIJP_21379_03030623_jagoda-jak1.djvu;;
> Jak2 - Jakby;http://rcin.org.pl/Content/7295/KRIJP_21380_03030624_jak2-jakby.djvu;;
> Jaki;http://rcin.org.pl/Content/7296/KRIJP_21381_03030625_jaki.djvu;;
> Jakikolwiek - Jakmiarz;http://rcin.org.pl/Content/7297/KRIJP_21382_03030626_jakikolwiek-jakmiarz.djvu;;
> Jako1;http://rcin.org.pl/Content/7298/KRIJP_21383_03030627_jako1.djvu;;
> Jako2;http://rcin.org.pl/Content/7299/KRIJP_21384_03030628_jako2.djvu;;
> Jako3;http://rcin.org.pl/Content/7300/KRIJP_21385_03030629_jako3.djvu;;
> Jako4;http://rcin.org.pl/Content/7301/KRIJP_21386_03030630_jako4.djvu;;
> Jakobita - Jałat;http://rcin.org.pl/Content/7302/KRIJP_21387_03030631_jakobita-jalat.djvu;;
> Jaskółka - Jawny;http://rcin.org.pl/Content/7303/KRIJP_21388_03030633_jaskolka-jawny.djvu;;
> Jawołka - Jechowa;http://rcin.org.pl/Content/7304/KRIJP_21389_03030634_jawolka-jechowa.djvu;;
> Jałmułka - Jaskółeczka;http://rcin.org.pl/Content/7305/KRIJP_21390_03030632_jalmulka-jaskoleczka.djvu;;
> Jeden1;http://rcin.org.pl/Content/7306/KRIJP_21391_03030635_jeden1.djvu;;
> Jeden2;http://rcin.org.pl/Content/7307/KRIJP_21392_03030636_jeden2.djvu;;
> Jeden3 - Jednać;http://rcin.org.pl/Content/7308/KRIJP_21393_03030637_jeden3-jednac.djvu;;
> Jednak;http://rcin.org.pl/Content/7309/KRIJP_21394_03030638_jednak.djvu;;
> Jednaki - Jedynowłasny;http://rcin.org.pl/Content/7310/KRIJP_21395_03030639_jednaki-jedynowlasny.djvu;;
> Jedyny - Jeleń;http://rcin.org.pl/Content/7311/KRIJP_21396_03030640_jedyny-jelen.djvu;;
> Jeleński - Jeszcze1;http://rcin.org.pl/Content/7312/KRIJP_21397_03030641_jelenski-jeszcze1.djvu;;
> Jeszcze2 - Jeśćca;http://rcin.org.pl/Content/7313/KRIJP_21398_03030642_jeszcze2-jescca.djvu;;
> Jewa - Jeżdżenie;http://rcin.org.pl/Content/7314/KRIJP_21399_03030644_jewa-jezdzenie.djvu;;
> Jeśli - Jeśliże;http://rcin.org.pl/Content/7315/KRIJP_21400_03030643_jesli-jeslize.djvu;;
> Jeże - Język;http://rcin.org.pl/Content/7316/KRIJP_21401_03030645_jeze-jezyk.djvu;;
> Już2;http://rcin.org.pl/Content/7317/KRIJP_21402_03030647_juz2.djvu;;
> Już3 - Jużże;http://rcin.org.pl/Content/7318/KRIJP_21403_03030648_juz3-juzze.djvu;;
> Język2 - Już1;http://rcin.org.pl/Content/7319/KRIJP_21404_03030646_jezyk2-juz1.djvu;;
> K - Kałaga;http://rcin.org.pl/Content/7320/KRIJP_21405_03030661_k-kalaga.djvu;;
> Kamieńczarz - Kanzona;http://rcin.org.pl/Content/7321/KRIJP_21406_03030650_kamienczarz-kanzona.djvu;;
> Karab - Karmicielka;http://rcin.org.pl/Content/7351/KRIJP_21475_03030652_karab-karmicielka.djvu;;
> Karmić - Kasztelanka;http://rcin.org.pl/Content/7352/KRIJP_21476_03030653_karmic-kasztelanka.djvu;;
> Kasztelanowa - Kazać1;http://rcin.org.pl/Content/7353/KRIJP_21477_03030654_kasztelanowa-kazac1.djvu;;
> Kazać2 - Każdy1;http://rcin.org.pl/Content/7354/KRIJP_21478_03030655_kazac2-kazdy1.djvu;;
> Kałakucki - Kamień;http://rcin.org.pl/Content/7355/KRIJP_21479_03030649_kalakucki-kamien.djvu;;
> Kańczug - Kara;http://rcin.org.pl/Content/7356/KRIJP_21480_03030651_kanczug-kara.djvu;;
> Każdy2 - Kasek;http://rcin.org.pl/Content/7357/KRIJP_21481_03030656_kazdy2-kasek.djvu;;
> Kiedy2 - Kielkadziesiąt;http://rcin.org.pl/Content/7358/KRIJP_21482_03030658_kiedy2-kielkadziesia.djvu;;
> Kielnia - Kilkanaścioro;http://rcin.org.pl/Content/7359/KRIJP_21483_03030659_kielnia-kilkanascior.djvu;;
> Kilkaset - Klepka;http://rcin.org.pl/Content/7360/KRIJP_21484_03030660_kilkaset-klepka.djvu;;
> Klepki - Kłopoty;http://rcin.org.pl/Content/7361/KRIJP_21485_03030662_klepki-klopoty.djvu;;
> Kochane - Kolnikowy;http://rcin.org.pl/Content/7362/KRIJP_21486_03030664_kochane-kolnikowy.djvu;;
> Kolny - Kołowrotny;http://rcin.org.pl/Content/7363/KRIJP_21487_03030665_kolny-kolowrotny.djvu;;
> Kompania - Kandytura;http://rcin.org.pl/Content/7364/KRIJP_21488_03030667_kompania-kandytura.djvu;;
> Konegundzin - Koniec1;http://rcin.org.pl/Content/7365/KRIJP_21489_03030668_konegundzin-koniec1.djvu;;
> Koniec2 - Konstelacja;http://rcin.org.pl/Content/7366/KRIJP_21490_03030669_koniec2-konstelacja.djvu;;
> Konsternacja - Konwersowanie;http://rcin.org.pl/Content/7367/KRIJP_21491_03030670_konsternacja-konwers.djvu;;
> Konwertyk - Kończaty;http://rcin.org.pl/Content/7368/KRIJP_21492_03030671_konwertyk-konczaty.djvu;;
> Koriander - Korzenny;http://rcin.org.pl/Content/7369/KRIJP_21493_03030673_koriander-korzenny.djvu;;
> Korzeń - Kosztywałowy;http://rcin.org.pl/Content/7370/KRIJP_21494_03030674_korzen-kosztywalowy.djvu;;
> Koszula - Kośny;http://rcin.org.pl/Content/7371/KRIJP_21495_03030675_koszula-kosny.djvu;;
> Kot - Koży;http://rcin.org.pl/Content/7372/KRIJP_21496_03030676_kot-kozy.djvu;;
> Kołowrót - Kompan;http://rcin.org.pl/Content/17275/KRIJP_35102_03030666_kolowrot-kompan.djvu;;
> Kończenie - Korfanty;http://rcin.org.pl/Content/17277/KRIJP_35103_03030672_konczenie-korfanty.djvu;;
> Kralica - Krew1;http://rcin.org.pl/Content/7443/KRIJP_21570_03030678_kralica-krew1.djvu;;
> Krew2 - Krośniński;http://rcin.org.pl/Content/7444/KRIJP_21571_03030679_krew2-krosninski.djvu;;
> Krotochwila - Król1;http://rcin.org.pl/Content/7445/KRIJP_21572_03030680_krotochwila-krol1.djvu;;
> Kryks - Krzyzik;http://rcin.org.pl/Content/7449/KRIJP_21576_03030684_kryks-krzyzik.djvu;;
> Krzyż - Książę;http://rcin.org.pl/Content/7450/KRIJP_21577_03030685_krzyz-ksiaze.djvu;;
> Król2;http://rcin.org.pl/Content/7446/KRIJP_21573_03030681_krol2.djvu;;
> Królestwo - Królowa1;http://rcin.org.pl/Content/7447/KRIJP_21574_03030682_krolestwo-krolowa1.djvu;;
> Królowa2 - Kryjówka;http://rcin.org.pl/Content/7448/KRIJP_21575_03030683_krolowa2-kryjowka.djvu;;
> Książę2 - Ktemu;http://rcin.org.pl/Content/7451/KRIJP_21578_03030686_ksiaze2-ktemu.djvu;;
> Kto1;http://rcin.org.pl/Content/7452/KRIJP_21579_03030687_kto1.djvu;;
> Kto2 - Który1;http://rcin.org.pl/Content/7453/KRIJP_21580_03030688_kto2-ktory1.djvu;;
> Który2;http://rcin.org.pl/Content/7454/KRIJP_21581_03030689_ktory2.djvu;;
> Który3;http://rcin.org.pl/Content/7455/KRIJP_21582_03030690_ktory3.djvu;;
> Który4;http://rcin.org.pl/Content/7456/KRIJP_21583_03030691_ktory4.djvu;;
> Który5;http://rcin.org.pl/Content/7457/KRIJP_21584_03030692_ktory5.djvu;;
> Który6;http://rcin.org.pl/Content/7458/KRIJP_21585_03030693_ktory6.djvu;;
> Który7;http://rcin.org.pl/Content/7459/KRIJP_21586_03030694_ktory7.djvu;;
> Którykolwiek - Kuchmistrzowski;http://rcin.org.pl/Content/7460/KRIJP_21587_03030695_ktorykolwiek-kuchmis.djvu;;
> Kuchnia - Kupiec1;http://rcin.org.pl/Content/7461/KRIJP_21588_03030696_kuchnia-kupiec1.djvu;;
> Kupiec2 - Kuszyk;http://rcin.org.pl/Content/7462/KRIJP_21589_03030697_kupiec2-kuszyk.djvu;;
> Kuś - Kwiatyszek;http://rcin.org.pl/Content/7463/KRIJP_21590_03030698_kus-kwiatyszek.djvu;;
> Kwiczał - Kysil;http://rcin.org.pl/Content/7464/KRIJP_21591_03030699_kwiczal-kysil.djvu;;
> Kół - Krakusów;http://rcin.org.pl/Content/7442/KRIJP_21569_03030677_kol-krakusow.djvu;;
> Kąt - Kiedy1;http://rcin.org.pl/Content/17273/KRIJP_35100_03030657_kat-kiedy1.djvu;;
> Kłos - Kochanek;http://rcin.org.pl/Content/17271/KRIJP_35099_03030663_klos-kochanek.djvu;;
> L - Latać;http://rcin.org.pl/Content/7494/KRIJP_21655_03030708_l-latac.djvu;;
> Latający - Lecha;http://rcin.org.pl/Content/7465/KRIJP_21592_03030700_latajacy-lecha.djvu;;
> Lechicki - Ledwy;http://rcin.org.pl/Content/7466/KRIJP_21593_03030701_lechicki-ledwy.djvu;;
> Ledylce - Leniwy;http://rcin.org.pl/Content/7467/KRIJP_21594_03030702_ledylce-leniwy.djvu;;
> Lenman - Lew;http://rcin.org.pl/Content/7489/KRIJP_21650_03030703_lenman-lew.djvu;;
> Lewa - Lichwierski;http://rcin.org.pl/Content/7490/KRIJP_21651_03030704_lewa-lichwierski.djvu;;
> Lichy - Lis;http://rcin.org.pl/Content/7491/KRIJP_21652_03030705_lichy-lis.djvu;;
> Lisawy - Liścisty;http://rcin.org.pl/Content/7492/KRIJP_21653_03030706_lisawy-liscisty.djvu;;
> Liść - Lub;http://rcin.org.pl/Content/7493/KRIJP_21654_03030707_lisc-lub.djvu;;
> Lubaczewski - Ludzie;http://rcin.org.pl/Content/7495/KRIJP_21656_03030709_lubaczewski-ludzie.djvu;;
> Ludzie2;http://rcin.org.pl/Content/7497/KRIJP_21657_03030710_ludzie2.djvu;;
> Ludzie3 - Lżywy;http://rcin.org.pl/Content/7498/KRIJP_21658_03030711_ludzie3-lzywy.djvu;;
> M - Majętność;http://rcin.org.pl/Content/7530/KRIJP_21690_03030739_m-majetnosc.djvu;;
> Majętność2 - Małpi;http://rcin.org.pl/Content/7503/KRIJP_21663_03030716_majetnosc2-malpi.djvu;;
> Manifaktura - Marszałkowski;http://rcin.org.pl/Content/7505/KRIJP_21665_03030718_manifaktura-marszalk.djvu;;
> Marszałkowstwo - Matka1;http://rcin.org.pl/Content/7506/KRIJP_21666_03030719_marszalkowstwo-matka.djvu;;
> Matka2 - Mąż1;http://rcin.org.pl/Content/7507/KRIJP_21667_03030720_matka2-maz1.djvu;;
> Małpica - Maniery;http://rcin.org.pl/Content/7504/KRIJP_21664_03030717_malpica-maniery.djvu;;
> Merkuriuszowski - Miałki;http://rcin.org.pl/Content/7509/KRIJP_21669_03030722_merkuriuszowski-mial.djvu;;
> Miasto2 - Miecz;http://rcin.org.pl/Content/7511/KRIJP_21671_03030724_miasto2-miecz.djvu;;
> Miałko - Miasto1;http://rcin.org.pl/Content/7510/KRIJP_21670_03030723_mialko-miasto1.djvu;;
> Miec6 - Miejsce1;http://rcin.org.pl/Content/7512/KRIJP_21672_03030725_miec6-miejsce1.djvu;;
> Miecznicki - Mieć1;http://rcin.org.pl/Content/7513/KRIJP_21673_03030726_miecznicki-miec1.djvu;;
> Miejsce2 - Miesiąc;http://rcin.org.pl/Content/7518/KRIJP_21678_03030731_miejsce2-miesiac.djvu;;
> Miesiącowy - Mieszkanny;http://rcin.org.pl/Content/7519/KRIJP_21679_03030732_miesiacowy-mieszkann.djvu;;
> Mieszkiwać - Miękki;http://rcin.org.pl/Content/7520/KRIJP_21680_03030733_mieszkiwac-miekki.djvu;;
> Mieć2;http://rcin.org.pl/Content/7514/KRIJP_21674_03030727_miec2.djvu;;
> Mieć3;http://rcin.org.pl/Content/7515/KRIJP_21675_03030728_miec3.djvu;;
> Mieć4;http://rcin.org.pl/Content/7516/KRIJP_21676_03030729_miec4.djvu;;
> Mieć5;http://rcin.org.pl/Content/7517/KRIJP_21677_03030730_miec5.djvu;;
> Mistrzać - Młodzież;http://rcin.org.pl/Content/7528/KRIJP_21688_03030737_mistrzac-mlodziez.djvu;;
> Miękko - Miłek;http://rcin.org.pl/Content/7521/KRIJP_21681_03030734_miekko-milek.djvu;;
> Miło - Miły1;http://rcin.org.pl/Content/7526/KRIJP_21686_03030735_milo-mily1.djvu;;
> Miły2 - Mistrz;http://rcin.org.pl/Content/7527/KRIJP_21687_03030736_mily2-mistrz.djvu;;
> Mnożyć - Modlitwenik;http://rcin.org.pl/Content/7531/KRIJP_21691_03030740_mnozyc-modlitwenik.djvu;;
> Modlitwa - Mordy;http://rcin.org.pl/Content/7532/KRIJP_21692_03030741_modlitwa-mordy.djvu;;
> Morela - Moskwa;http://rcin.org.pl/Content/7533/KRIJP_21693_03030742_morela-moskwa.djvu;;
> Moskwicin - Możyrski;http://rcin.org.pl/Content/7534/KRIJP_21694_03030743_moskwicin-mozyrski.djvu;;
> Mróz - Murzysko;http://rcin.org.pl/Content/7540/KRIJP_21700_03030749_mroz-murzysko.djvu;;
> Mus - My1;http://rcin.org.pl/Content/7541/KRIJP_21701_03030750_mus-my1.djvu;;
> My2;http://rcin.org.pl/Content/7542/KRIJP_21702_03030751_my2.djvu;;
> My3 - Mżytek;http://rcin.org.pl/Content/7543/KRIJP_21703_03030752_my3-mzytek.djvu;;
> Móc1;http://rcin.org.pl/Content/7535/KRIJP_21695_03030744_moc1.djvu;;
> Móc2;http://rcin.org.pl/Content/7536/KRIJP_21696_03030745_moc2.djvu;;
> Móc3 - Mój1;http://rcin.org.pl/Content/7537/KRIJP_21697_03030746_moc3-moj1.djvu;;
> Mój2 - Mówić1;http://rcin.org.pl/Content/7538/KRIJP_21698_03030747_moj2-mowic1.djvu;;
> Mówić2 - Mrówkowy;http://rcin.org.pl/Content/7539/KRIJP_21699_03030748_mowic2-mrowkowy.djvu;;
> Mąż2 - Merkuryjusz;http://rcin.org.pl/Content/7508/KRIJP_21668_03030721_maz2-merkuryjusz.djvu;;
> Młodzik - Mnożyciel;http://rcin.org.pl/Content/7529/KRIJP_21689_03030738_mlodzik-mnozyciel.djvu;;
> Na10;http://rcin.org.pl/Content/7553/KRIJP_21713_03030754_na10.djvu;;
> Na1;http://rcin.org.pl/Content/7544/KRIJP_21704_03030753_na1.djvu;;
> Na2;http://rcin.org.pl/Content/7545/KRIJP_21705_03030755_na2.djvu;;
> Na3;http://rcin.org.pl/Content/7546/KRIJP_21706_03030756_na3.djvu;;
> Na4;http://rcin.org.pl/Content/7547/KRIJP_21707_03030757_na4.djvu;;
> Na5;http://rcin.org.pl/Content/7548/KRIJP_21708_03030758_na5.djvu;;
> Na6;http://rcin.org.pl/Content/7549/KRIJP_21709_03030759_na6.djvu;;
> Na7;http://rcin.org.pl/Content/7550/KRIJP_21710_03030760_na7.djvu;;
> Na8;http://rcin.org.pl/Content/7551/KRIJP_21711_03030761_na8.djvu;;
> Na9;http://rcin.org.pl/Content/7552/KRIJP_21712_03030762_na9.djvu;;
> Nababać - Nać;http://rcin.org.pl/Content/7554/KRIJP_21714_03030763_nababac-nac.djvu;;
> Nad - Nadany;http://rcin.org.pl/Content/7556/KRIJP_21716_03030765_nad-nadany.djvu;;
> Nadaremnie - Nadziwować się;http://rcin.org.pl/Content/7555/KRIJP_21715_03030764_nadaremnie-nadziwowa.djvu;;
> Nadzwyczaj - Najpierw;http://rcin.org.pl/Content/7608/KRIJP_21771_03030766_nadzwyczaj-najpierw.djvu;;
> Najpierwszy - Należeć1;http://rcin.org.pl/Content/7609/KRIJP_21772_03030767_najpierwszy-nalezec1.djvu;;
> Należeć2 - Namówka;http://rcin.org.pl/Content/7610/KRIJP_21773_03030768_nalezec2-namowka.djvu;;
> Namroka - Na pomku;http://rcin.org.pl/Content/7611/KRIJP_21774_03030769_namroka-napomku.djvu;;
> Napomnić - Narożny;http://rcin.org.pl/Content/7612/KRIJP_21775_03030770_napomnic-narozny.djvu;;
> Naród - Następny;http://rcin.org.pl/Content/7613/KRIJP_21777_03030771_narod-nastepny.djvu;;
> Następować - Nasz1;http://rcin.org.pl/Content/7614/KRIJP_21778_03030772_nastepowac-nasz1.djvu;;
> Nasz2 - Natańcować;http://rcin.org.pl/Content/7615/KRIJP_21779_03030773_nasz2-natancowac.djvu;;
> Natarcie - Nauka1;http://rcin.org.pl/Content/7616/KRIJP_21780_03030774_natarcie-nauka1.djvu;;
> Nauka2 - Na wznak;http://rcin.org.pl/Content/7617/KRIJP_21781_03030775_nauka2-nawznak.djvu;;
> Nazabijać - Nazwany;http://rcin.org.pl/Content/7618/KRIJP_21782_03030776_nazabijac-nazwany.djvu;;
> Nazwisko - Nic1;http://rcin.org.pl/Content/7619/KRIJP_21783_03030777_nazwisko-nic1.djvu;;
> Nic2 - Nie1;http://rcin.org.pl/Content/7620/KRIJP_21784_03030778_nic2-nie1.djvu;;
> Nie10;http://rcin.org.pl/Content/7629/KRIJP_21793_03030779_nie10.djvu;;
> Nie2;http://rcin.org.pl/Content/7621/KRIJP_21785_03030780_nie2.djvu;;
> Nie3;http://rcin.org.pl/Content/7622/KRIJP_21786_03030781_nie3.djvu;;
> Nie4;http://rcin.org.pl/Content/7623/KRIJP_21787_03030782_nie4.djvu;;
> Nie5;http://rcin.org.pl/Content/7624/KRIJP_21788_03030783_nie5.djvu;;
> Nie6;http://rcin.org.pl/Content/7625/KRIJP_21789_03030784_nie6.djvu;;
> Nie7;http://rcin.org.pl/Content/7626/KRIJP_21790_03030785_nie7.djvu;;
> Nie8;http://rcin.org.pl/Content/7627/KRIJP_21791_03030786_nie8.djvu;;
> Nie9;http://rcin.org.pl/Content/7628/KRIJP_21792_03030787_nie9.djvu;;
> Nieborak - Niechęć;http://rcin.org.pl/Content/7630/KRIJP_21794_03030788_nieborak-niechec.djvu;;
> Niechędogi - Niedostatni;http://rcin.org.pl/Content/7631/KRIJP_21795_03030789_niechedogi-niedostat.djvu;;
> Niedostatnie - Niektóry1;http://rcin.org.pl/Content/7632/KRIJP_21796_03030790_niedostatnie-niektor.djvu;;
> Niektóry2 - Niemocny;http://rcin.org.pl/Content/7633/KRIJP_21797_03030791_niektory2-niemocny.djvu;;
> Niemodno - Niepodmuskany;http://rcin.org.pl/Content/7634/KRIJP_21799_03030792_niemodno-niepodmuska.djvu;;
> Niepodoba - Nieprzyjaciel1;http://rcin.org.pl/Content/7635/KRIJP_21800_03030793_niepodoba-nieprzyjac.djvu;;
> Nieprzyjaciel2 - Nieskończony;http://rcin.org.pl/Content/7636/KRIJP_21801_03030794_nieprzyjaciel2-niesk.djvu;;
> Nieskor - Nieszczęśnik;http://rcin.org.pl/Content/7637/KRIJP_21802_03030795_nieskor-nieszczesnik.djvu;;
> Nieszdoronliwość - Niewiadomość;http://rcin.org.pl/Content/7638/KRIJP_21803_03030796_nieszdoronliwosc-nie.djvu;;
> Niewiadomy - Niewzruszony;http://rcin.org.pl/Content/7639/KRIJP_21804_03030797_niewiadomy-niewzrusz.djvu;;
> Niezabawny - Nigdy1;http://rcin.org.pl/Content/7640/KRIJP_21805_03030798_niezabawny-nigdy1.djvu;;
> Nigdy2 - Nitryjeński;http://rcin.org.pl/Content/7641/KRIJP_21806_03030799_nigdy2-nitryjenski.djvu;;
> Niwa - Noc1;http://rcin.org.pl/Content/7676/KRIJP_21951_03030800_niwa-noc1.djvu;;
> Noc2 - Nos;http://rcin.org.pl/Content/7677/KRIJP_21953_03030801_noc2-nos.djvu;;
> Nosacina - Nowy1;http://rcin.org.pl/Content/7678/KRIJP_21954_03030802_nosacina-nowy1.djvu;;
> Nowy2 - Nyski;http://rcin.org.pl/Content/7679/KRIJP_21956_03030803_nowy2-nyski.djvu;;
> O1;http://rcin.org.pl/Content/7680/KRIJP_21959_03030804_o1.djvu;;
> O2;http://rcin.org.pl/Content/7681/KRIJP_21962_03030805_o2.djvu;;
> O3;http://rcin.org.pl/Content/7682/KRIJP_21964_03030806_o3.djvu;;
> Oba - Obcy;http://rcin.org.pl/Content/7683/KRIJP_21965_03030807_oba-obcy.djvu;;
> Obcyg - Obiecz;http://rcin.org.pl/Content/7684/KRIJP_21967_03030808_obcyg-obiecz.djvu;;
> Obiedni - Oblubienica;http://rcin.org.pl/Content/7685/KRIJP_21968_03030809_obiedni-oblubienica.djvu;;
> Oblubieniec - Obozik;http://rcin.org.pl/Content/7686/KRIJP_21971_03030810_oblubieniec-obozik.djvu;;
> Obraz - Obrócić;http://rcin.org.pl/Content/7687/KRIJP_21972_03030811_obraz-obrocic.djvu;;
> Obrócić się - Obawianie;http://rcin.org.pl/Content/7688/KRIJP_21974_03030812_obrocicsie-obawianie.djvu;;
> Obwiąsło - Ocho;http://rcin.org.pl/Content/7689/KRIJP_21976_03030813_obwiaslo-ocho.djvu;;
> Ochocze - Oćwiczyć;http://rcin.org.pl/Content/7690/KRIJP_21978_03030814_ochocze-ocwiczyc.djvu;;
> Od1;http://rcin.org.pl/Content/7691/KRIJP_21979_03030815_od1.djvu;;
> Od2;http://rcin.org.pl/Content/7692/KRIJP_21981_03030816_od2.djvu;;
> Od3;http://rcin.org.pl/Content/7693/KRIJP_21983_03030817_od3.djvu;;
> Oda - Oddawacz;http://rcin.org.pl/Content/7694/KRIJP_21985_03030818_oda-oddawacz.djvu;;
> Oddawać - Odjąć się;http://rcin.org.pl/Content/7695/KRIJP_21987_03030819_oddawac-odjacsie.djvu;;
> Odjechać - Odmienić się;http://rcin.org.pl/Content/7696/KRIJP_21989_03030820_odjechac-odmienicsie.djvu;;
> Odmieniec - Odpowiedź;http://rcin.org.pl/Content/7697/KRIJP_21990_03030821_odmieniec-odpowiedz.djvu;;
> Odpór - Odrzucony;http://rcin.org.pl/Content/7698/KRIJP_21992_03030822_odpor-odrzucony.djvu;;
> Odrzut - Odwodzić się;http://rcin.org.pl/Content/7699/KRIJP_21994_03030823_odrzut-odwodzicsie.djvu;;
> Odwołać - Ogień1;http://rcin.org.pl/Content/7700/KRIJP_21996_03030824_odwolac-ogien1.djvu;;
> Ogień - Ogrodzić się;http://rcin.org.pl/Content/7701/KRIJP_21997_03030825_ogien-ogrodzicsie.djvu;;
> Ogrodziec - Ojczyn;http://rcin.org.pl/Content/7702/KRIJP_21999_03030826_ogrodziec-ojczyn.djvu;;
> Ojczyna - Oknowy;http://rcin.org.pl/Content/7703/KRIJP_22000_03030827_ojczyna-oknowy.djvu;;
> Oko - Około1;http://rcin.org.pl/Content/7705/KRIJP_22003_03030829_oko-okolo1.djvu;;
> Około2 - Okryć;http://rcin.org.pl/Content/7704/KRIJP_22001_03030828_okolo2-okryc.djvu;;
> Okryć się - Omieszkać;http://rcin.org.pl/Content/7706/KRIJP_22004_03030830_okrycsie-omieszkac.djvu;;
> Omieszkanie - On1;http://rcin.org.pl/Content/7707/KRIJP_22005_03030831_omieszkanie-on1.djvu;;
> On10;http://rcin.org.pl/Content/7753/KRIJP_22105_03030832_on10.djvu;;
> On11;http://rcin.org.pl/Content/7754/KRIJP_22107_03030833_on11.djvu;;
> On12 - Opatrzyć się;http://rcin.org.pl/Content/7755/KRIJP_22108_03030834_on12-opatrzycsie.djvu;;
> On2;http://rcin.org.pl/Content/7708/KRIJP_22007_03030835_on2.djvu;;
> On3;http://rcin.org.pl/Content/7746/KRIJP_22098_03030836_on3.djvu;;
> On4;http://rcin.org.pl/Content/7747/KRIJP_22099_03030837_on4.djvu;;
> On5;http://rcin.org.pl/Content/7748/KRIJP_22100_03030838_on5.djvu;;
> On6;http://rcin.org.pl/Content/7749/KRIJP_22101_03030839_on6.djvu;;
> On7;http://rcin.org.pl/Content/7750/KRIJP_22102_03030840_on7.djvu;;
> On8;http://rcin.org.pl/Content/7751/KRIJP_22103_03030841_on8.djvu;;
> On9;http://rcin.org.pl/Content/7752/KRIJP_22104_03030842_on9.djvu;;
> Opatski - Opór;http://rcin.org.pl/Content/7756/KRIJP_22109_03030843_opatski-opor.djvu;;
> Opóźniać - Orda;http://rcin.org.pl/Content/7757/KRIJP_22111_03030844_opozniac-orda.djvu;;
> Order - Osądzić1;http://rcin.org.pl/Content/7758/KRIJP_22112_03030845_order-osadzic1.djvu;;
> Osobca - Ostatek;http://rcin.org.pl/Content/7760/KRIJP_22114_03030847_osobca-ostatek.djvu;;
> Ostatki - Ostyjeński;http://rcin.org.pl/Content/7761/KRIJP_22115_03030848_ostatki-ostyjenski.djvu;;
> Osuch - Oto;http://rcin.org.pl/Content/7762/KRIJP_22116_03030849_osuch-oto.djvu;;
> Osądzić2 - Osoba;http://rcin.org.pl/Content/7759/KRIJP_22113_03030846_osadzic2-osoba.djvu;;
> Otoczyć - Owdowiony;http://rcin.org.pl/Content/7763/KRIJP_22117_03030850_otoczyc-owdowiony.djvu;;
> Owdzie - Ozioniowy;http://rcin.org.pl/Content/7764/KRIJP_22118_03030851_owdzie-ozioniowy.djvu;;
> Ozłacać - Ówże;http://rcin.org.pl/Content/7765/KRIJP_22119_03030852_ozlacac-owze.djvu;;
> P - Paletowy;http://rcin.org.pl/Content/7911/KRIJP_22455_03030915_p-paletowy.djvu;;
> Palica - Pan1;http://rcin.org.pl/Content/7766/KRIJP_22120_03030853_palica-pan1.djvu;;
> Pan2;http://rcin.org.pl/Content/7767/KRIJP_22121_03030854_pan2.djvu;;
> Pan3;http://rcin.org.pl/Content/7768/KRIJP_22122_03030855_pan3.djvu;;
> Pana4 - Pana Zbawicielowy;http://rcin.org.pl/Content/7769/KRIJP_22123_03030856_pan4-panazbawicielow.djvu;;
> Panacea - Panna1;http://rcin.org.pl/Content/7770/KRIJP_22124_03030857_panacea-panna1.djvu;;
> Panna2 - Państwo1;http://rcin.org.pl/Content/7771/KRIJP_22125_03030858_panna2-panstwo1.djvu;;
> Partyka - Paść1;http://rcin.org.pl/Content/7773/KRIJP_22127_03030860_partyka-pasc1.djvu;;
> Państwo2 - Partyjka;http://rcin.org.pl/Content/7772/KRIJP_22126_03030859_panstwo2-partyjka.djvu;;
> Paść2 - Peć;http://rcin.org.pl/Content/7774/KRIJP_22128_03030861_pasc2-pec.djvu;;
> Pedać - Perswadować;http://rcin.org.pl/Content/7775/KRIJP_22129_03030862_pedac-perswadowac.djvu;;
> Perswazja - Pędzić1;http://rcin.org.pl/Content/7776/KRIJP_22130_03030863_perswazja-pedzic1.djvu;;
> Piechota2 - Pieniądz1;http://rcin.org.pl/Content/7778/KRIJP_22132_03030865_piechota2-pieniadz1.djvu;;
> Pieniądz2 - Pierwotny;http://rcin.org.pl/Content/7779/KRIJP_22133_03030866_pieniadz2-pierwotny.djvu;;
> Pierwożęć - Pieseczek;http://rcin.org.pl/Content/7821/KRIJP_22272_03030867_pierwozec-pieseczek.djvu;;
> Piesek - Piętkowy;http://rcin.org.pl/Content/7822/KRIJP_22273_03030868_piesek-pietkowy.djvu;;
> Piołenek - Pisać;http://rcin.org.pl/Content/7824/KRIJP_22275_03030870_piolenek-pisac.djvu;;
> Pisan - Placacya;http://rcin.org.pl/Content/7825/KRIJP_22276_03030871_pisan-placacya.djvu;;
> Piętnastak - Pińsk;http://rcin.org.pl/Content/7823/KRIJP_22274_03030869_pietnastak-pinsk.djvu;;
> Placek - Plugawy;http://rcin.org.pl/Content/7826/KRIJP_22277_03030872_placek-plugawy.djvu;;
> Plunąć - Płeć;http://rcin.org.pl/Content/7827/KRIJP_22278_03030873_plunac-plec.djvu;;
> Po1;http://rcin.org.pl/Content/7829/KRIJP_22280_03030875_po1.djvu;;
> Po2;http://rcin.org.pl/Content/7830/KRIJP_22281_03030876_po2.djvu;;
> Po3 - Poboczny;http://rcin.org.pl/Content/7831/KRIJP_22282_03030877_po3-poboczny.djvu;;
> Pobodzić - Pochopny;http://rcin.org.pl/Content/7832/KRIJP_22283_03030878_pobodzic-pochopny.djvu;;
> Pochopować - Począć;http://rcin.org.pl/Content/7833/KRIJP_22284_03030879_pochopowac-poczac.djvu;;
> Począć;http://rcin.org.pl/Content/7834/KRIJP_22285_03030880_poczac.djvu;;
> Pod1;http://rcin.org.pl/Content/7835/KRIJP_22286_03030881_pod1.djvu;;
> Pod2 - Podawienie;http://rcin.org.pl/Content/7836/KRIJP_22287_03030882_pod2-podawienie.djvu;;
> Podbiał - Podejrzany;http://rcin.org.pl/Content/7837/KRIJP_22288_03030883_podbial-podejrzany.djvu;;
> Podejście - Podłużyć;http://rcin.org.pl/Content/7838/KRIJP_22289_03030884_podejscie-podluzyc.djvu;;
> Podobny2 - Podstawować;http://rcin.org.pl/Content/7840/KRIJP_22291_03030886_podobny2-podstawowac.djvu;;
> Podły - Podobny1;http://rcin.org.pl/Content/7839/KRIJP_22290_03030885_podly-podobny1.djvu;;
> Pofałdować - Pogryźć;http://rcin.org.pl/Content/7841/KRIJP_22292_03030887_pofaldowac-pogryzc.djvu;;
> Pogrzeb - Pokarm;http://rcin.org.pl/Content/7842/KRIJP_22293_03030888_pogrzeb-pokarm.djvu;;
> Pokos - Pokuta;http://rcin.org.pl/Content/7843/KRIJP_22294_03030889_pokos-pokuta.djvu;;
> Pokutnik - Polewka;http://rcin.org.pl/Content/7844/KRIJP_22295_03030890_pokutnik-polewka.djvu;;
> Polewnik - Połotrować;http://rcin.org.pl/Content/7845/KRIJP_22296_03030891_polewnik-polotrowac.djvu;;
> Pomiata - Pomówka;http://rcin.org.pl/Content/7847/KRIJP_22298_03030893_pomiata-pomowka.djvu;;
> Pompa - Ponosić;http://rcin.org.pl/Content/7848/KRIJP_22299_03030894_pompa-ponosic.djvu;;
> Ponosowszczyzna - Poprawić;http://rcin.org.pl/Content/7849/KRIJP_22300_03030895_ponosowszczyzna-popr.djvu;;
> Poprawić;http://rcin.org.pl/Content/7850/KRIJP_22301_03030896_poprawic.djvu;;
> Porozkrywać - Porządny;http://rcin.org.pl/Content/7891/KRIJP_22430_03030897_porozkrywac-porzadny.djvu;;
> Porządzać - Posidlić;http://rcin.org.pl/Content/7892/KRIJP_22432_03030898_porzadzac-posidlic.djvu;;
> Posiec - Posłuszny;http://rcin.org.pl/Content/7893/KRIJP_22433_03030899_posiec-posluszny.djvu;;
> Postanowić - Postrzeżenie;http://rcin.org.pl/Content/7896/KRIJP_22436_03030901_postanowic-postrzeze.djvu;;
> Postrzępić - Potajemnik;http://rcin.org.pl/Content/7898/KRIJP_22441_03030903_postrzepic-potajemni.djvu;;
> Postąpić - Poezja;http://rcin.org.pl/Content/7897/KRIJP_22438_03030902_postapic-poezja.djvu;;
> Posłużyć - Postanowić;http://rcin.org.pl/Content/7894/KRIJP_22434_03030900_posluzyc-postanowic.djvu;;
> Potajemno - Potęga;http://rcin.org.pl/Content/7899/KRIJP_22442_03030904_potajemno-potega.djvu;;
> Potruchlały - Potrzebować1;http://rcin.org.pl/Content/7901/KRIJP_22444_03030906_potruchlaly-potrzebo.djvu;;
> Potrzebować2 - Powiadaczka;http://rcin.org.pl/Content/7902/KRIJP_22445_03030907_potrzebowac2-powiada.djvu;;
> Potępa - Potrójny;http://rcin.org.pl/Content/7900/KRIJP_22443_03030905_potepa-potrojny.djvu;;
> Powiadać - Po;http://rcin.org.pl/Content/7904/KRIJP_22447_03030908_powiadac-po.djvu;;
> Powierzenie - Powitanie;http://rcin.org.pl/Content/7905/KRIJP_22448_03030909_powierzenie-powitani.djvu;;
> Powklejać - Powszechny;http://rcin.org.pl/Content/7906/KRIJP_22450_03030910_powklejac-powszechny.djvu;;
> Powszedni - Pozorować;http://rcin.org.pl/Content/7907/KRIJP_22451_03030911_powszedni-pozorowac.djvu;;
> Pozostać - Pożyczyć;http://rcin.org.pl/Content/7908/KRIJP_22452_03030912_pozostac-pozyczyc.djvu;;
> Połowa - Pomiarowy;http://rcin.org.pl/Content/7846/KRIJP_22297_03030892_polowa-pomiarowy.djvu;;
> Pożyć - Póki1;http://rcin.org.pl/Content/7909/KRIJP_22453_03030913_pozyc-poki1.djvu;;
> Prababa - Prawda1;http://rcin.org.pl/Content/7912/KRIJP_22456_03030916_prababa-prawda1.djvu;;
> Prawda2 - Prawo1;http://rcin.org.pl/Content/7913/KRIJP_22457_03030917_prawda2-prawo1.djvu;;
> Prawo2 - Pretekścik;http://rcin.org.pl/Content/7914/KRIJP_22458_03030918_prawo2-pretekscik.djvu;;
> Pretendencja - Priwilegium;http://rcin.org.pl/Content/7915/KRIJP_22459_03030919_pretendencja-priwile.djvu;;
> Probacja - Proporzec;http://rcin.org.pl/Content/7916/KRIJP_22460_03030920_probacja-proporzec.djvu;;
> Propozycja - Proskumica;http://rcin.org.pl/Content/7917/KRIJP_22461_03030921_propozycja-proskumic.djvu;;
> Proso - Prowadzon;http://rcin.org.pl/Content/7918/KRIJP_22462_03030922_proso-prowadzon.djvu;;
> Prowodyr - Prymas;http://rcin.org.pl/Content/7919/KRIJP_22463_03030923_prowodyr-prymas.djvu;;
> Prymasowstwo - Przechorować;http://rcin.org.pl/Content/7920/KRIJP_22464_03030924_prymasowstwo-przecho.djvu;;
> Przechowywać - Przeciwko;http://rcin.org.pl/Content/7921/KRIJP_22465_03030925_przechowywac-przeciw.djvu;;
> Przeciwleżący - Przed1;http://rcin.org.pl/Content/7922/KRIJP_22466_03030926_przeciwlezacy-przed1.djvu;;
> Przed2 - Przedświtny;http://rcin.org.pl/Content/7923/KRIJP_22467_03030927_przed2-przedswitny.djvu;;
> Przedtem - Przeklęty;http://rcin.org.pl/Content/7924/KRIJP_22468_03030928_przedtem-przeklety.djvu;;
> Przeklinacz - Przenicować;http://rcin.org.pl/Content/7925/KRIJP_22469_03030929_przeklinacz-przenico.djvu;;
> Przenie - Przepytywać;http://rcin.org.pl/Content/7926/KRIJP_22470_03030930_przenie-przepytywac.djvu;;
> Przerabiać - Przestrzegać;http://rcin.org.pl/Content/7927/KRIJP_22471_03030931_przerabiac-przestrze.djvu;;
> Przestrzegać - Przetrząść;http://rcin.org.pl/Content/7928/KRIJP_22472_03030932_przestrzegac-przetrz.djvu;;
> Przetrzeć - Przez1;http://rcin.org.pl/Content/7929/KRIJP_22473_03030933_przetrzec-przez1.djvu;;
> Przez2;http://rcin.org.pl/Content/7930/KRIJP_22474_03030934_przez2.djvu;;
> Przezacnie - Przy1;http://rcin.org.pl/Content/7931/KRIJP_22475_03030935_przezacnie-przy1.djvu;;
> Przy2 - Przybliżyć;http://rcin.org.pl/Content/7932/KRIJP_22476_03030936_przy2-przyblizyc.djvu;;
> Przybłąkać - Przyczyna1;http://rcin.org.pl/Content/7933/KRIJP_22477_03030937_przyblakac-przyczyna.djvu;;
> Przyczyna2 - Przygorzkniejszym;http://rcin.org.pl/Content/7934/KRIJP_22478_03030938_przyczyna2-przygorzk.djvu;;
> Przygotować - Przyjechać1;http://rcin.org.pl/Content/7935/KRIJP_22479_03030939_przygotowac-przyjech.djvu;;
> Przyjechać2 - Przyjść1;http://rcin.org.pl/Content/7936/KRIJP_22480_03030940_przyjechac2-przyjsc1.djvu;;
> Przyjść2 - Przylegnać;http://rcin.org.pl/Content/7937/KRIJP_22481_03030941_przyjsc2-przylegnac.djvu;;
> Przyleniwszy - Przynieść1;http://rcin.org.pl/Content/7938/KRIJP_22482_03030942_przyleniwszy-przynie.djvu;;
> Przynieść2 - Przepływać;http://rcin.org.pl/Content/7939/KRIJP_22483_03030943_przyniesc2-przeplywa.djvu;;
> Przypnąć - Przysiadać;http://rcin.org.pl/Content/7940/KRIJP_22484_03030944_przypnac-przysiadac.djvu;;
> Przysiadany - Przystępny;http://rcin.org.pl/Content/7941/KRIJP_22485_03030945_przysiadany-przystep.djvu;;
> Przystępować - Przywierek;http://rcin.org.pl/Content/7942/KRIJP_22486_03030946_przystepowac-przywie.djvu;;
> Przywieść - Przyzwanie;http://rcin.org.pl/Content/7943/KRIJP_22488_03030947_przywiesc-przyzwanie.djvu;;
> Przyzwoicie - Ptyzanna;http://rcin.org.pl/Content/7944/KRIJP_22489_03030948_przyzwoicie-ptyzanna.djvu;;
> Publiczna - Puppa;http://rcin.org.pl/Content/7945/KRIJP_22490_03030949_publiczna-puppa.djvu;;
> Pur - Puścić;http://rcin.org.pl/Content/7946/KRIJP_22491_03030950_pur-puscic.djvu;;
> Puścić - Pyzdrski;http://rcin.org.pl/Content/7947/KRIJP_22492_03030951_puscic-pyzdrski.djvu;;
> Póki2 - Późny;http://rcin.org.pl/Content/7910/KRIJP_22454_03030914_poki2-pozny.djvu;;
> Pędzić2 - Piechota1;http://rcin.org.pl/Content/7777/KRIJP_22131_03030864_pedzic2-piechota1.djvu;;
> Płesz - Pniowy;http://rcin.org.pl/Content/7828/KRIJP_22279_03030874_plesz-pniowy.djvu;;
> Rabanina - Rad;http://rcin.org.pl/Content/7948/KRIJP_22493_03030952_rabanina-rad.djvu;;
> Rada - Rajtaria;http://rcin.org.pl/Content/7949/KRIJP_22494_03030953_rada-rajtaria.djvu;;
> Rajtarka - Ratunk;http://rcin.org.pl/Content/7950/KRIJP_22495_03030954_rajtarka-ratunk.djvu;;
> Ratusz - Raczeta;http://rcin.org.pl/Content/7951/KRIJP_22496_03030955_ratusz-raczeta.djvu;;
> Rejnant - Respota;http://rcin.org.pl/Content/7953/KRIJP_22499_03030957_rejnant-resposta.djvu;;
> Respublika - Ręka;http://rcin.org.pl/Content/7954/KRIJP_22500_03030958_respublika-reka1.djvu;;
> Robić2 - Rodzice;http://rcin.org.pl/Content/7956/KRIJP_22502_03030960_robic2-rodzice.djvu;;
> Rodziciel - Rok1;http://rcin.org.pl/Content/7957/KRIJP_22503_03030961_rodziciel-rok1.djvu;;
> Rok2 - Rotman;http://rcin.org.pl/Content/7958/KRIJP_22504_03030962_rok2-rotman.djvu;;
> Rotmistrz - Rozdzielić;http://rcin.org.pl/Content/7959/KRIJP_22506_03030963_rotmistrz-rozdzielic.djvu;;
> Rozdzielić się - Rozkazywanie;http://rcin.org.pl/Content/8054/KRIJP_22680_03030964_rozdzielic-sie-rozka.djvu;;
> Rozkąsać - Rozmyslać;http://rcin.org.pl/Content/8055/KRIJP_22681_03030965_rozkasac-rozmyslac.djvu;;
> Rozmyslać się - Rozrysowac się;http://rcin.org.pl/Content/8056/KRIJP_22682_03030966_rozmyslacsie-rozryso.djvu;;
> Rozrywacz - Rozum1;http://rcin.org.pl/Content/8057/KRIJP_22683_03030967_rozrywacz-rozum1.djvu;;
> Rozum2 - Rozwięzywać się;http://rcin.org.pl/Content/8058/KRIJP_22684_03030968_rozum2-rozwiezywacsi.djvu;;
> Rozwijać - Rózga;http://rcin.org.pl/Content/8059/KRIJP_22685_03030969_rozwijac-rozga.djvu;;
> Ruchomy - Ruszyć;http://rcin.org.pl/Content/8061/KRIJP_22688_03030971_ruchomy-ruszyc.djvu;;
> Ruszyć się - Rygowanie się;http://rcin.org.pl/Content/8062/KRIJP_22691_03030972_ruszycsie-rygowanies.djvu;;
> Rygski - Rząsa;http://rcin.org.pl/Content/8063/KRIJP_22693_03030973_rygski-rzasa.djvu;;
> Rzec - Rzecz1;http://rcin.org.pl/Content/8064/KRIJP_22694_03030974_rzec-rzecz1.djvu;;
> Rzecz2 - Rzeczpospolita1;http://rcin.org.pl/Content/8065/KRIJP_22695_03030975_rzecz2-rzeczpospolit.djvu;;
> Rzeczpospolita2 - Rzezak;http://rcin.org.pl/Content/8066/KRIJP_22696_03030976_rzeczpospolita2-rzez.djvu;;
> Rzezalna - Saft;http://rcin.org.pl/Content/8067/KRIJP_22697_03030977_rzezalna-saft.djvu;;
> Róża - Ruchomosć;http://rcin.org.pl/Content/8060/KRIJP_22686_03030970_roza-ruchomosc.djvu;;
> Rączka - Rejmentować;http://rcin.org.pl/Content/7952/KRIJP_22497_03030956_raczka-rejmentowac.djvu;;
> Ręka2 - Robić;http://rcin.org.pl/Content/7955/KRIJP_22501_03030959_reka2-robic.djvu;;
> Sag - Sam1;http://rcin.org.pl/Content/8068/KRIJP_22698_03030978_sag-sam1.djvu;;
> Sam2;http://rcin.org.pl/Content/8069/KRIJP_22699_03030979_sam2.djvu;;
> Sam3 - Sarmatycki;http://rcin.org.pl/Content/8070/KRIJP_22700_03030980_sam3-sarmatycki.djvu;;
> Sarn - Schodzenie się;http://rcin.org.pl/Content/8071/KRIJP_22701_03030981_sarn-schodzeniesie.djvu;;
> Schodzić - Sejmik1;http://rcin.org.pl/Content/8072/KRIJP_22702_03030982_schodzic-sejmik1.djvu;;
> Sejmik2 - Sentencyjka;http://rcin.org.pl/Content/8073/KRIJP_22703_03030983_sejmik2-sentencyjka.djvu;;
> Sentencyjonować - Seryf;http://rcin.org.pl/Content/8074/KRIJP_22704_03030984_sentencyjonowac-sery.djvu;;
> Serykan(in) - Sieć;http://rcin.org.pl/Content/8075/KRIJP_22705_03030985_serykanin-siec.djvu;;
> Siedem - Siezerdza;http://rcin.org.pl/Content/8076/KRIJP_22706_03030986_siedem-siezerdza.djvu;;
> Siedy - Sirotki;http://rcin.org.pl/Content/8077/KRIJP_22707_03030987_siedy-sirotki.djvu;;
> Sistemma - Skąd1;http://rcin.org.pl/Content/8084/KRIJP_22714_03030994_sistemma-skad1.djvu;;
> Się1;http://rcin.org.pl/Content/8078/KRIJP_22708_03030988_sie1.djvu;;
> Się2;http://rcin.org.pl/Content/8079/KRIJP_22709_03030989_sie2.djvu;;
> Się3;http://rcin.org.pl/Content/8080/KRIJP_22710_03030990_sie3.djvu;;
> Się4;http://rcin.org.pl/Content/8081/KRIJP_22711_03030991_sie4.djvu;;
> Się5;http://rcin.org.pl/Content/8082/KRIJP_22712_03030992_sie5.djvu;;
> Się6;http://rcin.org.pl/Content/8083/KRIJP_22713_03030993_sie6.djvu;;
> Skokliwy - Skórka;http://rcin.org.pl/Content/8086/KRIJP_22716_03030996_skokliwy-skorka.djvu;;
> Skrzynka - Sława1;http://rcin.org.pl/Content/8088/KRIJP_22718_03030998_skrzynka-slawa1.djvu;;
> Skórnia - Skrzynka;http://rcin.org.pl/Content/8087/KRIJP_22717_03030997_skornia-skrzynka.djvu;;
> Skąd2 - Skokiem;http://rcin.org.pl/Content/8085/KRIJP_22715_03030995_skad2-skokiem.djvu;;
> Snadniuchno - Sowity;http://rcin.org.pl/Content/8198/KRIJP_22853_03031004_snadniuchno-sowity.djvu;;
> Sowiźralski - Spiczka;http://rcin.org.pl/Content/8199/KRIJP_22854_03031005_sowizralski-spiczka.djvu;;
> Spić - Spojny;http://rcin.org.pl/Content/8200/KRIJP_22857_03031006_spic-spojny.djvu;;
> Spojrzeć - Sposób1;http://rcin.org.pl/Content/8201/KRIJP_22860_03031007_spojrzec-sposob1.djvu;;
> Sposób2 - Sprawa1;http://rcin.org.pl/Content/8202/KRIJP_22863_03031008_sposob2-sprawa1.djvu;;
> Sprawa2 - Sprinca;http://rcin.org.pl/Content/8203/KRIJP_22868_03031009_sprawa2-sprinca.djvu;;
> Sprofanować - Spyża;http://rcin.org.pl/Content/8204/KRIJP_22871_03031010_sprofanowac-spyza.djvu;;
> Sraczka - Stać1;http://rcin.org.pl/Content/8205/KRIJP_22872_03031011_sraczka-stac1.djvu;;
> Stalonka - Stanie się;http://rcin.org.pl/Content/8207/KRIJP_22875_03031013_stalonka-staniesie.djvu;;
> Stanieć - Starościński;http://rcin.org.pl/Content/8208/KRIJP_22876_03031014_staniec-staroscinski.djvu;;
> Starość - Statecznie;http://rcin.org.pl/Content/8209/KRIJP_22877_03031015_starosc-statecznie.djvu;;
> Stateczno - Stąd1;http://rcin.org.pl/Content/8210/KRIJP_22878_03031016_stateczno-stad1.djvu;;
> Stać2 - Stalny;http://rcin.org.pl/Content/8206/KRIJP_22874_03031012_stac2-stalny.djvu;;
> Stolica2 - Strach;http://rcin.org.pl/Content/8212/KRIJP_22880_03031018_stolica2-strach.djvu;;
> Strachać - Strogowanie;http://rcin.org.pl/Content/8213/KRIJP_22881_03031019_strachac-strogowanie.djvu;;
> Stroić - Stróżyna;http://rcin.org.pl/Content/8214/KRIJP_22882_03031020_stroic-strozyna.djvu;;
> Strucełka - Strzelny;http://rcin.org.pl/Content/8215/KRIJP_22883_03031021_strucelka-strzelny.djvu;;
> Strzemieniowy - Suchęniowski;http://rcin.org.pl/Content/8216/KRIJP_22884_03031022_strzemieniowy-suchen.djvu;;
> Stąd2 - Stolica;http://rcin.org.pl/Content/8211/KRIJP_22879_03031017_stad2-stolica.djvu;;
> Sucho - Sumienie1;http://rcin.org.pl/Content/8217/KRIJP_22885_03031023_sucho-sumienie1.djvu;;
> Sumienie2 - Swojszczyzna;http://rcin.org.pl/Content/8218/KRIJP_22886_03031024_sumienie2-swojszczyz.djvu;;
> Swora - Swój1;http://rcin.org.pl/Content/8220/KRIJP_22888_03031025_swora-swoj1.djvu;;
> Swój2;http://rcin.org.pl/Content/8221/KRIJP_22889_03031026_swoj2.djvu;;
> Swój3;http://rcin.org.pl/Content/8222/KRIJP_22890_03031027_swoj3.djvu;;
> Swój4 - Swywolny;http://rcin.org.pl/Content/8223/KRIJP_22891_03031028_swoj4-swywolny.djvu;;
> Sybara - Syndykowstwo;http://rcin.org.pl/Content/8224/KRIJP_22892_03031029_sybara-syndykowstwo.djvu;;
> Syneczek - Szaleniec;http://rcin.org.pl/Content/8225/KRIJP_22893_03031030_syneczek-szaleniec.djvu;;
> Szaleństwo - Szczaw;http://rcin.org.pl/Content/8226/KRIJP_22894_03031031_szalenstwo-szczaw.djvu;;
> Szczawi - Szczęśliwy1;http://rcin.org.pl/Content/8227/KRIJP_22895_03031032_szczawi-szczesliwy1.djvu;;
> Szczęśliwy2 - Szeroszowski;http://rcin.org.pl/Content/8228/KRIJP_22896_03031033_szczesliwy2-szeroszo.djvu;;
> Szerszeni - Szkodliwość;http://rcin.org.pl/Content/8229/KRIJP_22897_03031034_szerszeni-szkodliwos.djvu;;
> Szkodliwy - Szlachetność;http://rcin.org.pl/Content/8230/KRIJP_22898_03031035_szkodliwy-szlachetno.djvu;;
> Szlachetny - Szpetny;http://rcin.org.pl/Content/8231/KRIJP_22899_03031036_szlachetny-szpetny.djvu;;
> Szpetulicha - Szufla;http://rcin.org.pl/Content/8232/KRIJP_22900_03031037_szpetulicha-szufla.djvu;;
> Szuflada - Szwedzki;http://rcin.org.pl/Content/8233/KRIJP_22901_03031038_szuflada-szwedzki.djvu;;
> Szwel(a) - Scierać się;http://rcin.org.pl/Content/8234/KRIJP_22902_03031039_szwela-scieracsie.djvu;;
> Sława2 - Słońce1;http://rcin.org.pl/Content/8090/KRIJP_22720_03030999_slawa2-slonce1.djvu;;
> Słońce2 - Słuchać1;http://rcin.org.pl/Content/8091/KRIJP_22721_03031000_slonce2-sluchac1.djvu;;
> Słuchać2 - Słuszny;http://rcin.org.pl/Content/8092/KRIJP_22722_03031001_sluchac2-sluszny.djvu;;
> Słuszy - Słyszeć1;http://rcin.org.pl/Content/8197/KRIJP_22852_03031002_sluszy-slyszec1.djvu;;
> Słyszeć2 - Snadnieć;http://rcin.org.pl/Content/8089/KRIJP_22719_03031003_slyszec2-snadniec.djvu;;
> Tak2;http://rcin.org.pl/Content/8241/KRIJP_22909_03031047_tak2.djvu;;
> Tak3;http://rcin.org.pl/Content/8242/KRIJP_22910_03031048_tak3.djvu;;
> Tak4;http://rcin.org.pl/Content/8243/KRIJP_22911_03031049_tak4.djvu;;
> Taka - Taki;http://rcin.org.pl/Content/8244/KRIJP_22912_03031050_taka-taki.djvu;;
> Taki - Także1;http://rcin.org.pl/Content/8245/KRIJP_22913_03031051_taki-takze1.djvu;;
> Także2 - Tam1;http://rcin.org.pl/Content/8246/KRIJP_22914_03031052_takze2-tam1.djvu;;
> Tam2 - Tamże;http://rcin.org.pl/Content/8247/KRIJP_22915_03031053_tam2-tamze.djvu;;
> Tan - Tczy;http://rcin.org.pl/Content/8248/KRIJP_22916_03031054_tan-tczy.djvu;;
> Teatr - Temu;http://rcin.org.pl/Content/8249/KRIJP_22917_03031055_teatr-temu.djvu;;
> Technąć - To1;http://rcin.org.pl/Content/8250/KRIJP_22918_03031056_technac-to1.djvu;;
> Ten10;http://rcin.org.pl/Content/8260/KRIJP_22928_03031058_ten10.djvu;;
> Ten11;http://rcin.org.pl/Content/8261/KRIJP_22929_03031059_ten11.djvu;;
> Ten1;http://rcin.org.pl/Content/8251/KRIJP_22919_03031057_ten1.djvu;;
> Ten2;http://rcin.org.pl/Content/8252/KRIJP_22920_03031060_ten2.djvu;;
> Ten3;http://rcin.org.pl/Content/8253/KRIJP_22921_03031061_ten3.djvu;;
> Ten4;http://rcin.org.pl/Content/8254/KRIJP_22922_03031062_ten4.djvu;;
> Ten5;http://rcin.org.pl/Content/8255/KRIJP_22923_03031063_ten5.djvu;;
> Ten6;http://rcin.org.pl/Content/8256/KRIJP_22924_03031064_ten6.djvu;;
> Ten7;http://rcin.org.pl/Content/8257/KRIJP_22925_03031065_ten7.djvu;;
> Ten8;http://rcin.org.pl/Content/8258/KRIJP_22926_03031066_ten8.djvu;;
> Ten9;http://rcin.org.pl/Content/8259/KRIJP_22927_03031067_ten9.djvu;;
> Tenże2 - Teraz1;http://rcin.org.pl/Content/8262/KRIJP_22930_03031068_tenze2-teraz1.djvu;;
> Teraz2 - Też1;http://rcin.org.pl/Content/8264/KRIJP_22931_03031069_teraz2-tez1.djvu;;
> Też2;http://rcin.org.pl/Content/8265/KRIJP_22932_03031070_tez2.djvu;;
> To2;http://rcin.org.pl/Content/8266/KRIJP_22933_03031071_to2.djvu;;
> To3 - Towarzystwo;http://rcin.org.pl/Content/8267/KRIJP_22934_03031072_to3-towarzystwo.djvu;;
> Towarzysz - Traktatowy;http://rcin.org.pl/Content/8474/KRIJP_23051_03031073_towarzysz-traktatowy.djvu;;
> Traktować - Trocha;http://rcin.org.pl/Content/8475/KRIJP_23052_03031074_traktowac-trocha.djvu;;
> Trochę - Trudno;http://rcin.org.pl/Content/8476/KRIJP_23053_03031075_troche-trudno.djvu;;
> Trudnomowność - Trybunał1;http://rcin.org.pl/Content/8477/KRIJP_23054_03031076_trudnomownosc-trybun.djvu;;
> Trybunał2 - Trzebaż;http://rcin.org.pl/Content/8478/KRIJP_23055_03031077_trybunal2-trzebaz.djvu;;
> Trzebczanin - Trzy1;http://rcin.org.pl/Content/8479/KRIJP_23056_03031078_trzebczanin-trzy1.djvu;;
> Trzy2 - Tu1;http://rcin.org.pl/Content/8480/KRIJP_23057_03031079_trzy2-tu1.djvu;;
> Tu2 - Turbowanie;http://rcin.org.pl/Content/8481/KRIJP_23058_03031080_tu2-turbowanie.djvu;;
> Turchala - Twarz1;http://rcin.org.pl/Content/8482/KRIJP_23059_03031081_turchala-twarz1.djvu;;
> Twarz2 - Ty1;http://rcin.org.pl/Content/8483/KRIJP_23060_03031082_twarz2-ty1.djvu;;
> Ty2 - Tyka;http://rcin.org.pl/Content/8484/KRIJP_23061_03031083_ty2-tyka.djvu;;
> Tykać - Tylko1;http://rcin.org.pl/Content/8485/KRIJP_23062_03031084_tykac-tylko1.djvu;;
> Tylko2 - Tymczasem;http://rcin.org.pl/Content/8486/KRIJP_23063_03031085_tylko2-tymczasem.djvu;;
> Tymf - Tyżbier;http://rcin.org.pl/Content/8487/KRIJP_23064_03031086_tymf-tyzbier.djvu;;
> U1;http://rcin.org.pl/Content/8488/KRIJP_23065_03031087_u1.djvu;;
> U2 - Ubraniać;http://rcin.org.pl/Content/8489/KRIJP_23066_03031088_u2-ubraniac.djvu;;
> Ubranie - Uciekacz;http://rcin.org.pl/Content/8490/KRIJP_23067_03031089_ubranie-uciekacz.djvu;;
> Uciekać - Uczyć się;http://rcin.org.pl/Content/8491/KRIJP_23068_03031090_uciekac-uczycsie.djvu;;
> Uczynek - Uczynkowy;http://rcin.org.pl/Content/8492/KRIJP_23069_03031091_uczynek-uczynkowy.djvu;;
> Uczynnie - Ufortyfikowany;http://rcin.org.pl/Content/8493/KRIJP_23070_03031092_uczynnie-ufortyfikow.djvu;;
> Ufrasować - Ukleić;http://rcin.org.pl/Content/8494/KRIJP_23071_03031093_ufrasowac-ukleic.djvu;;
> Uklej - Ułagodzić się;http://rcin.org.pl/Content/8495/KRIJP_23072_03031094_uklej-ulagodzicsie.djvu;;
> Umocować - Uniżony;http://rcin.org.pl/Content/8497/KRIJP_23074_03031096_umocowac-unizony.djvu;;
> Uniżyć - Upominek;http://rcin.org.pl/Content/8498/KRIJP_23075_03031097_unizyc-upominek.djvu;;
> Upominkować - Urągowisko;http://rcin.org.pl/Content/8499/KRIJP_23076_03031098_upominkowac-uragowis.djvu;;
> Urbanowa - Urzekanie;http://rcin.org.pl/Content/8500/KRIJP_23077_03031099_urbanowa-urzekanie.djvu;;
> Urzeniały - Uspokoić się;http://rcin.org.pl/Content/8501/KRIJP_23078_03031100_urzenialy-uspokoicsi.djvu;;
> Uspokajać - Ustępować się;http://rcin.org.pl/Content/8502/KRIJP_23079_03031101_uspokajac-ustepowacs.djvu;;
> Ustępowanie - Utrapienie;http://rcin.org.pl/Content/8503/KRIJP_23080_03031102_ustepowanie-utrapien.djvu;;
> Utrapiony - Uwiercieć;http://rcin.org.pl/Content/8504/KRIJP_23081_03031103_utrapiony-uwierciec.djvu;;
> Uwierzać - Używanie;http://rcin.org.pl/Content/8505/KRIJP_23082_03031104_uwierzac-uzywanie.djvu;;
> Ułak - Umocniony;http://rcin.org.pl/Content/8496/KRIJP_23073_03031095_ulak-umocniony.djvu;;
> W10;http://rcin.org.pl/Content/8578/KRIJP_23297_03031106_w10.djvu;;
> W11;http://rcin.org.pl/Content/8579/KRIJP_23299_03031107_w11.djvu;;
> W12 - Walnica;http://rcin.org.pl/Content/8580/KRIJP_23303_03031108_w12-walnica.djvu;;
> W1;http://rcin.org.pl/Content/8506/KRIJP_23083_03031105_w1.djvu;;
> W2;http://rcin.org.pl/Content/8507/KRIJP_23084_03031109_w2.djvu;;
> W3;http://rcin.org.pl/Content/8508/KRIJP_23085_03031110_w3.djvu;;
> W4;http://rcin.org.pl/Content/8509/KRIJP_23086_03031111_w4.djvu;;
> W5;http://rcin.org.pl/Content/8510/KRIJP_23087_03031112_w5.djvu;;
> W6;http://rcin.org.pl/Content/8511/KRIJP_23088_03031113_w6.djvu;;
> W7;http://rcin.org.pl/Content/8512/KRIJP_23089_03031114_w7.djvu;;
> W8;http://rcin.org.pl/Content/8513/KRIJP_23090_03031115_w8.djvu;;
> W9;http://rcin.org.pl/Content/8577/KRIJP_23296_03031116_w9.djvu;;
> Walnie - Warzyć;http://rcin.org.pl/Content/8581/KRIJP_23305_03031117_walnie-warzyc.djvu;;
> Warzyć się - Wątpliwy;http://rcin.org.pl/Content/8582/KRIJP_23306_03031118_warzycsie-watpliwy.djvu;;
> Wdzięczen - Wejże;http://rcin.org.pl/Content/8584/KRIJP_23310_03031120_wdzieczen-wejze.djvu;;
> Wekier - Weśrzedny;http://rcin.org.pl/Content/8585/KRIJP_23312_03031121_wekier-wesrzedny.djvu;;
> Wet - Wiadomość1;http://rcin.org.pl/Content/8586/KRIJP_23313_03031122_wet-wiadomosc1.djvu;;
> Wiadomość2 - Wiązać się;http://rcin.org.pl/Content/8587/KRIJP_23314_03031123_wiadomosc2-wiazacsie.djvu;;
> Widzieć2 - Wieczór;http://rcin.org.pl/Content/8589/KRIJP_23317_03031125_widziec2-wieczor.djvu;;
> Wieczyć - Wiedźma;http://rcin.org.pl/Content/8590/KRIJP_23318_03031126_wieczyc-wiedzma.djvu;;
> Wieja - Wiele1;http://rcin.org.pl/Content/8591/KRIJP_23319_03031127_wieja-wiele1.djvu;;
> Wiele2 - Wielki1;http://rcin.org.pl/Content/8593/KRIJP_23323_03031128_wiele2-wielki1.djvu;;
> Wielki2;http://rcin.org.pl/Content/8594/KRIJP_23325_03031129_wielki2.djvu;;
> Wielki3 - Wiernuś;http://rcin.org.pl/Content/8595/KRIJP_23326_03031130_wielki3-wiernus.djvu;;
> Wierny - Wieś1;http://rcin.org.pl/Content/8596/KRIJP_23328_03031131_wierny-wies1.djvu;;
> Wieś2 - Więc1;http://rcin.org.pl/Content/8597/KRIJP_23329_03031132_wies2-wiec1.djvu;;
> Willa - Winszowanie;http://rcin.org.pl/Content/8599/KRIJP_23332_03031135_willa-winszowanie.djvu;;
> Wintomieński - Wkrótce;http://rcin.org.pl/Content/8600/KRIJP_23333_03031136_wintomienski-wkrotce.djvu;;
> Wiązaneczka - Widzieć1;http://rcin.org.pl/Content/8588/KRIJP_23315_03031124_wiazaneczka-widziec1.djvu;;
> Więc2 - Większy;http://rcin.org.pl/Content/8598/KRIJP_23331_03031133_wiec2-wiekszy.djvu;;
> Większy2 - Wilgotny;http://rcin.org.pl/Content/8592/KRIJP_23321_03031134_wiekszy2-wilgotny.djvu;;
> Wkrusz - Włochy;http://rcin.org.pl/Content/8601/KRIJP_23334_03031137_wkrusz-wlochy.djvu;;
> Wnętrzny - Woda;http://rcin.org.pl/Content/8603/KRIJP_23337_03031139_wnetrzny-woda.djvu;;
> Wodca - Wojłok;http://rcin.org.pl/Content/8604/KRIJP_23338_03031140_wodca-wojlok.djvu;;
> Wojna - Wojsko1;http://rcin.org.pl/Content/8606/KRIJP_23341_03031141_wojna-wojsko1.djvu;;
> Wojsko2 - Wola1;http://rcin.org.pl/Content/8607/KRIJP_23342_03031142_wojsko2-wola1.djvu;;
> Wola2 - Wolny;http://rcin.org.pl/Content/8608/KRIJP_23343_03031143_wola2-wolny.djvu;;
> Wolok - Wódka;http://rcin.org.pl/Content/8609/KRIJP_23345_03031144_wolok-wodka.djvu;;
> Wprawiać - Wróblowy;http://rcin.org.pl/Content/8610/KRIJP_23347_03031146_wprawiac-wroblowy.djvu;;
> Wrócenie - Wsiądzenie;http://rcin.org.pl/Content/8611/KRIJP_23350_03031147_wrocenie-wsiadzenie.djvu;;
> Wsiąkać - Wstążnik;http://rcin.org.pl/Content/8612/KRIJP_23351_03031148_wsiakac-wstaznik.djvu;;
> Wstecz - Wszelki1;http://rcin.org.pl/Content/8613/KRIJP_23352_03031149_wstecz-wszelki1.djvu;;
> Wszelki2 - Wszystek1;http://rcin.org.pl/Content/8614/KRIJP_23353_03031150_wszelki2-wszystek1.djvu;;
> Wszystek2;http://rcin.org.pl/Content/8615/KRIJP_23354_03031151_wszystek2.djvu;;
> Wszystek4 - WX.Lit;http://rcin.org.pl/Content/8616/KRIJP_23355_03031152_wszystek4-wxlit.djvu;;
> Wszytek3;http://rcin.org.pl/Content/8617/KRIJP_23356_03031153_wszytek3.djvu;;
> Wy - Wychełznywać;http://rcin.org.pl/Content/8629/KRIJP_23370_03031165_wy-wychelznywac.djvu;;
> Wychędażać - Wyćwiczyć się;http://rcin.org.pl/Content/8618/KRIJP_23357_03031154_wychedazac-wycwiczyc.djvu;;
> Wydać - Wygmerać;http://rcin.org.pl/Content/8619/KRIJP_23358_03031155_wydac-wygmerac.djvu;;
> Wygnać - Wyjść1;http://rcin.org.pl/Content/8620/KRIJP_23360_03031156_wygnac-wyjsc1.djvu;;
> Wyjść2 - Wyłamywać się;http://rcin.org.pl/Content/8621/KRIJP_23361_03031157_wyjsc2-wylamywacsie.djvu;;
> Wylatać - Wynieśle;http://rcin.org.pl/Content/8622/KRIJP_23362_03031158_wylatac-wyniesle.djvu;;
> Wynik - Wypłacić się;http://rcin.org.pl/Content/8623/KRIJP_23363_03031159_wynik-wyplacicsie.djvu;;
> Wyplakać - Wyrajenie;http://rcin.org.pl/Content/8624/KRIJP_23364_03031160_wyplakac-wyrajenie.djvu;;
> Wyrastać - Wysarknąć;http://rcin.org.pl/Content/8625/KRIJP_23365_03031161_wyrastac-wysarknac.djvu;;
> Wystawić - Wytruć;http://rcin.org.pl/Content/8627/KRIJP_23368_03031163_wystawic-wytruc.djvu;;
> Wysączać - Wystawiciel;http://rcin.org.pl/Content/8626/KRIJP_23366_03031162_wysaczac-wystawiciel.djvu;;
> Wytrwać - Wyznaczyć się;http://rcin.org.pl/Content/8628/KRIJP_23369_03031164_wytrwac-wyznaczycsie.djvu;;
> Wyznać - Wzgardźca;http://rcin.org.pl/Content/8630/KRIJP_23371_03031166_wyznac-wzgardzca.djvu;;
> Wzginąć - Wziąć1;http://rcin.org.pl/Content/8631/KRIJP_23372_03031167_wzginac-wziac1.djvu;;
> Wziąć2 - X;http://rcin.org.pl/Content/8632/KRIJP_23373_03031168_wziac2-x.djvu;;
> Wódz - Wprawdzieć;http://rcin.org.pl/Content/8605/KRIJP_23339_03031145_wodz-wprawdziec.djvu;;
> Wątroba - Wdziewosłębić;http://rcin.org.pl/Content/8583/KRIJP_23308_03031119_watroba-wdziewoslebi.djvu;;
> Włocław - Wnętrzności;http://rcin.org.pl/Content/8602/KRIJP_23336_03031138_wloclaw-wnetrznosci.djvu;;
> Z10;http://rcin.org.pl/Content/8770/KRIJP_23481_03031170_z10.djvu;;
> Z11 - Za1;http://rcin.org.pl/Content/8772/KRIJP_23484_03031171_z11-za1.djvu;;
> Z1;http://rcin.org.pl/Content/8633/KRIJP_23374_03031169_z1.djvu;;
> Z2;http://rcin.org.pl/Content/8634/KRIJP_23375_03031172_z2.djvu;;
> Z3;http://rcin.org.pl/Content/8635/KRIJP_23376_03031173_z3.djvu;;
> Z4;http://rcin.org.pl/Content/8636/KRIJP_23377_03031174_z4.djvu;;
> Z5;http://rcin.org.pl/Content/8637/KRIJP_23378_03031175_z5.djvu;;
> Z6;http://rcin.org.pl/Content/8638/KRIJP_23379_03031176_z6.djvu;;
> Z7;http://rcin.org.pl/Content/8762/KRIJP_23478_03031177_z7.djvu;;
> Z8;http://rcin.org.pl/Content/8764/KRIJP_23479_03031178_z8.djvu;;
> Z9;http://rcin.org.pl/Content/8765/KRIJP_23480_03031179_z9.djvu;;
> Za2;http://rcin.org.pl/Content/8776/KRIJP_23486_03031180_za2.djvu;;
> Za3;http://rcin.org.pl/Content/8778/KRIJP_23489_03031181_za3.djvu;;
> Za4 - Zabawiony;http://rcin.org.pl/Content/8781/KRIJP_23491_03031182_za4-zabawiony.djvu;;
> Zabawka - Zachmurzyć;http://rcin.org.pl/Content/8783/KRIJP_23494_03031183_zabawka-zachmurzyc.djvu;;
> Zachodni - Zacność;http://rcin.org.pl/Content/8786/KRIJP_23496_03031184_zachodni-zacnosc.djvu;;
> Zadatka - Zajaśnieć;http://rcin.org.pl/Content/8788/KRIJP_23497_03031185_zadatka-zajasniec.djvu;;
> Zajazd - Zakonnik;http://rcin.org.pl/Content/8790/KRIJP_23498_03031186_zajazd-zakonnik.djvu;;
> Zakonność - Założony;http://rcin.org.pl/Content/8791/KRIJP_23500_03031187_zakonnosc-zalozony.djvu;;
> Zamleć - Zapalić;http://rcin.org.pl/Content/8793/KRIJP_23503_03031189_zamlec-zapalic.djvu;;
> Zapalić się - Zaporoski;http://rcin.org.pl/Content/8794/KRIJP_23504_03031190_zapalicsie-zaporoski.djvu;;
> Zaporowski - Zaraz;http://rcin.org.pl/Content/8795/KRIJP_23505_03031191_zaporowski-zaraz.djvu;;
> Zaraza - Zasię;http://rcin.org.pl/Content/8796/KRIJP_23506_03031192_zaraza-zasie.djvu;;
> Zasiędzenie - Zastępowanie;http://rcin.org.pl/Content/8797/KRIJP_23508_03031193_zasiedzenie-zastepow.djvu;;
> Zastole - Zaś;http://rcin.org.pl/Content/8798/KRIJP_23509_03031194_zastole-zas.djvu;;
> Zatybrowy - Zawisny;http://rcin.org.pl/Content/8800/KRIJP_23511_03031196_zatybrowy-zawisny.djvu;;
> Zawitać - Zawzięty;http://rcin.org.pl/Content/8801/KRIJP_23512_03031197_zawitac-zawziety.djvu;;
> Zawżdy - Zbawić;http://rcin.org.pl/Content/8802/KRIJP_23513_03031198_zawzdy-zbawic.djvu;;
> Założyć - Zamkowy;http://rcin.org.pl/Content/8792/KRIJP_23501_03031188_zalozyc-zamkowy.djvu;;
> Zaścianek - Zatworzyć;http://rcin.org.pl/Content/8799/KRIJP_23510_03031195_zascianek-zatworzyc.djvu;;
> Zbawienie - Zbraniać się;http://rcin.org.pl/Content/8803/KRIJP_23514_03031199_zbawienie-zbraniacsi.djvu;;
> Zbranianie - Zdać-się;http://rcin.org.pl/Content/8804/KRIJP_23515_03031200_zbranianie-zdac-sie.djvu;;
> Zdala - Zdrajczyni;http://rcin.org.pl/Content/8805/KRIJP_23516_03031201_zdala-zdrajczyni.djvu;;
> Zdrapać - Zebranie się;http://rcin.org.pl/Content/8806/KRIJP_23517_03031202_zdrapac-zebraniesie.djvu;;
> Zebrany - Zesromocony;http://rcin.org.pl/Content/8808/KRIJP_23519_03031206_zebrany-zesromocony.djvu;;
> Zestarzały - Zgładźca;http://rcin.org.pl/Content/8810/KRIJP_23521_03031207_zestarzaly-zgladzca.djvu;;
> Zgrzać - Ziemek;http://rcin.org.pl/Content/8813/KRIJP_23523_03031209_zgrzac-ziemek.djvu;;
> Zgło - Zgryźny;http://rcin.org.pl/Content/8812/KRIJP_23522_03031208_zglo-zgryzny.djvu;;
> Ziemia - Ziemiopłaz;http://rcin.org.pl/Content/8814/KRIJP_23524_03031210_ziemia-ziemioplaz.djvu;;
> Ziemski - Zjednać;http://rcin.org.pl/Content/8815/KRIJP_23525_03031211_ziemski-zjednac.djvu;;
> Zjednany - Złościwy;http://rcin.org.pl/Content/8816/KRIJP_23526_03031212_zjednany-zlosciwy.djvu;;
> Zmyłkować - Znać;http://rcin.org.pl/Content/8820/KRIJP_23530_03031216_zmylkowac-znac.djvu;;
> Znać się - Zniesiony;http://rcin.org.pl/Content/8821/KRIJP_23531_03031217_znacsie-zniesiony.djvu;;
> Znieść - Znowu;http://rcin.org.pl/Content/8822/KRIJP_23532_03031218_zniesc-znowu.djvu;;
> Znowuż - Zostawa;http://rcin.org.pl/Content/8823/KRIJP_23533_03031219_znowuz-zostawa.djvu;;
> Zostawać - Zrębować;http://rcin.org.pl/Content/8825/KRIJP_23535_03031220_zostawac-zrebowac.djvu;;
> Zręcznie - Zupełny;http://rcin.org.pl/Content/8901/KRIJP_23656_03031221_zrecznie-zupelny.djvu;;
> Zupny - Zwiercieć;http://rcin.org.pl/Content/8902/KRIJP_23657_03031222_zupny-zwierciec.djvu;;
> Zwierzch - Zwono;http://rcin.org.pl/Content/8903/KRIJP_23659_03031223_zwierzch-zwono.djvu;;
> Zwora - Żżynać;http://rcin.org.pl/Content/8904/KRIJP_23667_03031224_zwora-zzynac.djvu;;
> Złowek - Zły;http://rcin.org.pl/Content/8817/KRIJP_23527_03031214_zlowek-zly.djvu;;
> Złość - Złoty;http://rcin.org.pl/Content/8818/KRIJP_23528_03031213_zlosc-zloty.djvu;;
> Złykowacieć - Zmyłkować;http://rcin.org.pl/Content/8819/KRIJP_23529_03031215_zlykowaciec-zmylkowa.djvu;;
> Ł - Łasić się;http://rcin.org.pl/Content/7501/KRIJP_21661_03030714_l-lasic-sie.djvu;;
> Łaska - Łebsko;http://rcin.org.pl/Content/7499/KRIJP_21659_03030712_laska-lebsko.djvu;;
> Łechcenie - Łódnik;http://rcin.org.pl/Content/7500/KRIJP_21660_03030713_lechcenie-lodnik.djvu;;
> Łódź - Łyżwy;http://rcin.org.pl/Content/7502/KRIJP_21662_03030715_lodz-lyzwy.djvu;;
> Ścieranie - Ślub;http://rcin.org.pl/Content/8235/KRIJP_22903_03031040_scieranie-slub.djvu;;
> Ślubić - Śmierć1;http://rcin.org.pl/Content/8236/KRIJP_22904_03031041_slubic-smierc1.djvu;;
> Śmierć2 - Środkoziemny;http://rcin.org.pl/Content/8237/KRIJP_22905_03031042_smierc2-srodkoziemny.djvu;;
> Środoposny - Świat1;http://rcin.org.pl/Content/8238/KRIJP_22906_03031043_srodoposny-swiat1.djvu;;
> Świat2 - Świetnie;http://rcin.org.pl/Content/8239/KRIJP_22907_03031044_swiat2-swietnie.djvu;;
> Świetnieć - Święty1;http://rcin.org.pl/Content/8219/KRIJP_22887_03031045_swietniec-swiety1.djvu;;
> Święty2 - Tak1;http://rcin.org.pl/Content/8240/KRIJP_22908_03031046_swiety2-tak1.djvu;;
> Ździebełko - Żaden1;http://rcin.org.pl/Content/8807/KRIJP_23518_03031225_zdziebelko-zaden1.djvu;;
> Żaden2 - Żałosnie;http://rcin.org.pl/Content/8906/KRIJP_23671_03031226_zaden2-zalosnie.djvu;;
> Żałować - Że1;http://rcin.org.pl/Content/8907/KRIJP_23673_03031227_zalowac-ze1.djvu;;
> Że2;http://rcin.org.pl/Content/8908/KRIJP_23674_03031203_ze2.djvu;;
> Że3;http://rcin.org.pl/Content/8909/KRIJP_23675_03031228_ze3.djvu;;
> Że4;http://rcin.org.pl/Content/8910/KRIJP_23677_03031204_ze4.djvu;;
> Że5;http://rcin.org.pl/Content/8911/KRIJP_23679_03031205_ze5.djvu;;
> Że6 - Żeby1;http://rcin.org.pl/Content/8912/KRIJP_23679_03031205_ze5.djvu;;
> Żeby2 - Żelazo;http://rcin.org.pl/Content/8809/KRIJP_23520_03031230_zeby2-zelazo.djvu;;
> Żelazowy - Żołudzki;http://rcin.org.pl/Content/8913/KRIJP_23681_03031231_zelazowy-zoludzki.djvu;;
> Żona - Żychliński;http://rcin.org.pl/Content/8824/KRIJP_23534_03031232_zona-zychlinski.djvu;;
> Życie - Żyć;http://rcin.org.pl/Content/8914/KRIJP_23682_03031233_zycie-zyc.djvu;;
> Żyd - Żywnostka;http://rcin.org.pl/Content/8905/KRIJP_23669_03031234_zyd-zywnostka.djvu;;
> Żywność - Żyzka;http://rcin.org.pl/Content/8915/KRIJP_23683_03031235_zywnosc-zyzka.djvu;;
EPOKA;http://rcin.org.pl/Content/6796/KRIJP_21025_03030548_emundowani-e.djvu?djvuopts&page=436&zoom=page&showposition=0.5,0.5&djvuopts&highlight=111,1584,440,138;;※ EPOCHA
ESENCJALNY (punkt);http://rcin.org.pl/Content/6796/KRIJP_21025_03030548_emundowani-e.djvu?djvuopts&page=887&zoom=page&showposition=0.5,0.5&djvuopts&highlight=81,1563,919,101;> Emundowani - Ę 887;
Erato O.;http://rcin.org.pl/Content/6796/KRIJP_21025_03030548_emundowani-e.djvu?djvuopts&page=443&zoom=page&showposition=0.49,0.5&djvuopts&highlight=261,1418,373,134;> Emundowani - Ę 443;
EPIGRAMA;http://rcin.org.pl/Content/6796/KRIJP_21025_03030548_emundowani-e.djvu?djvuopts&page=221&zoom=page&showposition=0.49,0.5&djvuopts&highlight=112,1558,572,114;> Emundowani - Ę 221;
EPITAFIA;http://rcin.org.pl/Content/6796/KRIJP_21025_03030548_emundowani-e.djvu?djvuopts&page=331&zoom=page&showposition=0.49,0.5&djvuopts&highlight=61,1535,408,131;> Emundowani - Ę 331;
EPITAFIUM;http://rcin.org.pl/Content/6796/KRIJP_21025_03030548_emundowani-e.djvu?djvuopts&page=390&zoom=page&showposition=0.5,0.5&djvuopts&highlight=136,1490,393,76;> Emundowani - Ę 390;
EPITALAMIUM;http://rcin.org.pl/Content/6796/KRIJP_21025_03030548_emundowani-e.djvu?djvuopts&page=415&zoom=page&showposition=0.5,0.5&djvuopts&highlight=68,1655,973,124;> Emundowani - Ę 415;
EPOCHA;http://rcin.org.pl/Content/6796/KRIJP_21025_03030548_emundowani-e.djvu?djvuopts&page=434&zoom=page&showposition=0.5,0.5&djvuopts&highlight=52,1537,356,115;> Emundowani - Ę 434;
epocha;http://rcin.org.pl/Content/6796/KRIJP_21025_03030548_emundowani-e.djvu?djvuopts&page=436&zoom=page&showposition=0.5,0.5&djvuopts&highlight=632,1606,412,88;> Emundowani - Ę 436;
EPOCHA;http://rcin.org.pl/Content/6796/KRIJP_21025_03030548_emundowani-e.djvu?djvuopts&page=436&zoom=page&showposition=0.5,0.5&djvuopts&highlight=632,1606,412,88;> Emundowani - Ę 436;
Epocha;http://djvu.szukajwslownikach.uw.edu.pl/IMPACT_GT_2/00433290.djvu?djvuopts&page=1&zoom=width&showposition=0.501,0.374&highlight=202,1419,1491,64#IMPACT_GT_2;korpus IMPACT;y AEra naydawnieyſza w Swiecie
EPOCHA;http://djvu.szukajwslownikach.uw.edu.pl/IMPACT_GT_2/00433290.djvu?djvuopts&page=1&zoom=width&showposition=0.502,0.481&highlight=199,1175,1501,55#IMPACT_GT_2;korpus IMPACT;, czyli AERA od Wieży
EPOCHA;http://djvu.szukajwslownikach.uw.edu.pl/IMPACT_GT_2/00433291.djvu?djvuopts&page=1&zoom=width&showposition=0.479,0.323&highlight=132,1537,1523,60#IMPACT_GT_2;korpus IMPACT;"czyli AERA; ieſt AERA"
EPOCHA;http://djvu.szukajwslownikach.uw.edu.pl/IMPACT_GT_2/00433292.djvu?djvuopts&page=1&zoom=width&showposition=0.532,0.203&highlight=294,1810,1397,66#IMPACT_GT_2;korpus IMPACT;, albo AERA, albo
EPOCHA;http://djvu.szukajwslownikach.uw.edu.pl/IMPACT_GT_2/00433293.djvu?djvuopts&page=1&zoom=width&showposition=0.493,0.666&highlight=184,748,1500,56#IMPACT_GT_2;korpus IMPACT;, albo AERA ſławna Urbis
EPOCHA;http://djvu.szukajwslownikach.uw.edu.pl/IMPACT_GT_2/00433294.djvu?djvuopts&page=1&zoom=width&showposition=0.481,0.594&highlight=173,912,1473,56#IMPACT_GT_2;korpus IMPACT;, �lbo AERA Imperii Romano
Epocha;http://djvu.szukajwslownikach.uw.edu.pl/IMPACT_GT_2/00435914.djvu?djvuopts&page=1&zoom=width&showposition=0.491,0.095&highlight=143,1967,1500,68#IMPACT_GT_2;korpus IMPACT;dziecinna lat 700. trwaiąca
Epocha;http://djvu.szukajwslownikach.uw.edu.pl/IMPACT_GT_2/00435914.djvu?djvuopts&page=1&zoom=width&showposition=0.491,0.147&highlight=143,1853,1500,68#IMPACT_GT_2;korpus IMPACT;pofundowane Ateny, Lacedemon,
epochɇ;http://djvu.szukajwslownikach.uw.edu.pl/IMPACT_GT_2/00434371.djvu?djvuopts&page=1&zoom=width&showposition=0.472,0.503&highlight=87,1060,1511,68#IMPACT_GT_2;korpus IMPACT;Veteris Styli. Wſzytka Vis
Epochy;http://djvu.szukajwslownikach.uw.edu.pl/IMPACT_GT_2/00433277.djvu?djvuopts&page=1&zoom=width&showposition=0.487,0.478&highlight=174,1168,1493,62#IMPACT_GT_2;korpus IMPACT;, AEry. Części czaſu
EPOCHY;http://djvu.szukajwslownikach.uw.edu.pl/IMPACT_GT_2/00433289.djvu?djvuopts&page=1&zoom=width&showposition=0.484,0.911&highlight=150,166,1527,77#IMPACT_GT_2;korpus IMPACT;potym generalnieyſzym nazwano terminem AERA
EPOCHE;http://djvu.szukajwslownikach.uw.edu.pl/IMPACT_GT_2/00433290.djvu?djvuopts&page=1&zoom=width&showposition=0.501,0.330&highlight=202,1525,1491,58#IMPACT_GT_2;korpus IMPACT;, czyli AERAE dwoiakie ſⱥ
