KRIJP_31989_02091969_a-ablaqueo,KRIJP_31989_02091969_a-ablaqueo_2441.djvu
KRIJP_31992_02091970_ablata-abundo,KRIJP_31992_02091970_ablata-abundo_2741.djvu
KRIJP_31993_02091971_abundus-accumbo,KRIJP_31993_02091971_abundus-accumbo_2692.djvu
KRIJP_31995_02091972_accumulate-actus,KRIJP_31995_02091972_accumulate-actus_2790.djvu
KRIJP_31997_02091973_actus-ad,KRIJP_31997_02091973_actus-ad_2524.djvu
KRIJP_32002_02091974_ad-adhaereo,KRIJP_32002_02091974_ad-adhaereo_2728.djvu
KRIJP_32007_02091979_adhaesio-adnumero,KRIJP_32007_02091979_adhaesio-adnumero_2876.djvu
KRIJP_32008_02091980_adobligo-aenus,KRIJP_32008_02091980_adobligo-aenus_2568.djvu
KRIJP_32009_02091981_aepolis-affectus,KRIJP_32009_02091981_aepolis-affectus_2670.djvu
KRIJP_32010_02091982_affero-agnus,KRIJP_32010_02091982_affero-agnus_2471.djvu
KRIJP_32011_02091983_ago-aliqualiter,KRIJP_32011_02091983_ago-aliqualiter_2819.djvu
KRIJP_32012_02091984_aliquam-altitudo,KRIJP_32012_02091984_aliquam-altitudo_2722.djvu
KRIJP_32013_02091985_altiscule-amosus,KRIJP_32013_02091985_altiscule-amosus_2569.djvu
KRIJP_32014_02091986_ammotio-animadvertio,KRIJP_32014_02091986_ammotio-animadvertio_2639.djvu
KRIJP_32015_02091987_animaequus-antememor,KRIJP_32015_02091987_animaequus-antememor_2614.djvu
KRIJP_32016_02091988_antemeridianus-appar,KRIJP_32016_02091988_antemeridianus-appar_2411.djvu
KRIJP_32017_02091989_apparens-aptus,KRIJP_32017_02091989_apparens-aptus_2965.djvu
KRIJP_32018_02091990_apud-ardelio,KRIJP_32018_02091990_apud-ardelio_2562.djvu
KRIJP_32019_02091991_ardens-arresto,KRIJP_32019_02091991_ardens-arresto_2912.djvu
KRIJP_32020_02091992_arrestum-asperitas,KRIJP_32020_02091992_arrestum-asperitas_2631.djvu
KRIJP_32021_02091993_aspemabile-astitutio,KRIJP_32021_02091993_aspemabile-astitutio_2365.djvu
KRIJP_32022_02091994_asto-aucinus,KRIJP_32022_02091994_asto-aucinus_2475.djvu
KRIJP_32023_02091995_auctarium-auro,KRIJP_32023_02091995_auctarium-auro_2329.djvu
KRIJP_32024_02091996_aurora-azimuth,KRIJP_32024_02091996_aurora-azimuth_2018.djvu
KRIJP_32025_02091997_b-beatus,KRIJP_32025_02091997_b-beatus_2502.djvu
KRIJP_32026_02091998_bebnus-bis,KRIJP_32026_02091998_bebnus-bis_2782.djvu
KRIJP_32029_02092001_bisaccia-brizilla,KRIJP_32029_02092001_bisaccia-brizilla_2687.djvu
KRIJP_32030_02092002_broca-byssus,KRIJP_32030_02092002_broca-byssus_0973.djvu
KRIJP_32031_02092004_calleo-caniculus,KRIJP_32031_02092004_calleo-caniculus_2588.djvu
KRIJP_32032_02092005_caniductio-capitalit,KRIJP_32032_02092005_caniductio-capitalit_2078.djvu
KRIJP_32033_02092006_capitanea-caminor,KRIJP_32033_02092006_capitanea-caminor_2860.djvu
KRIJP_32034_02092008_carnalis-catellus,KRIJP_32034_02092008_carnalis-catellus_2914.djvu
KRIJP_32035_02092009_catena-cautes,KRIJP_32035_02092009_catena-cautes_2607.djvu
KRIJP_32036_02092010_cautio-cera,KRIJP_32036_02092010_cautio-cera_3040.djvu
KRIJP_32037_02092003_c-calixtus,KRIJP_32037_02092003_c-calixtus_2734.djvu
KRIJP_32266_02092007_caraepressorium-chre,KRIJP_32266_02092007_caraepressorium-chre_2593.djvu
KRIJP_32267_02092011_chrisma-circumductus,KRIJP_32267_02092011_chrisma-circumductus_2657.djvu
KRIJP_32268_02092012_circumeo-civitanensi,KRIJP_32268_02092012_circumeo-civitanensi_2822.djvu
KRIJP_32269_02092013_civitas-clipeus,KRIJP_32269_02092013_civitas-clipeus_2550.djvu
KRIJP_32270_02092014_clisma-cohaerentia,KRIJP_32270_02092014_clisma-cohaerentia_2877.djvu
KRIJP_32271_02092015_cohaereo-colonus,KRIJP_32271_02092015_cohaereo-colonus_2503.djvu
KRIJP_32272_02092016_colopendria-commisio,KRIJP_32272_02092016_colopendria-commisio_2745.djvu
KRIJP_32273_02092017_commissor-comparitio,KRIJP_32273_02092017_commissor-comparitio_2877.djvu
KRIJP_32274_02092018_comparo-compositio,KRIJP_32274_02092018_comparo-compositio_3027.djvu
KRIJP_32275_02092019_compositive-concisus,KRIJP_32275_02092019_compositive-concisus_2610.djvu
KRIJP_32276_02092020_concitate-condicibil,KRIJP_32276_02092020_concitate-condicibil_2709.djvu
KRIJP_32277_02092021_condicio-conficio,KRIJP_32277_02092021_condicio-conficio_2824.djvu
KRIJP_32278_02092022_conficte-congressio,KRIJP_32278_02092022_conficte-congressio_2602.djvu
KRIJP_32279_02092023_congressivus-conseni,KRIJP_32279_02092023_congressivus-conseni_2457.djvu
KRIJP_32280_02092024_consensio-consolutio,KRIJP_32280_02092024_consensio-consolutio_2830.djvu
KRIJP_32281_02092025_consona-consulo,KRIJP_32281_02092025_consona-consulo_2826.djvu
KRIJP_32282_02092026_consulta-contineo,KRIJP_32282_02092026_consulta-contineo_2668.djvu
KRIJP_32283_02092027_contingens-contraho,KRIJP_32283_02092027_contingens-contraho_2865.djvu
KRIJP_32554_02092028_contralocutio-conven,KRIJP_32554_02092028_contralocutio-conven_2713.djvu
KRIJP_32555_02092029_conversa-cor,KRIJP_32555_02092029_conversa-cor_2726.djvu
KRIJP_32556_02092030_cora-corruptela,KRIJP_32556_02092030_cora-corruptela_2489.djvu
KRIJP_32557_02092031_corruptibile-crimen,KRIJP_32557_02092031_corruptibile-crimen_2607.djvu
KRIJP_32558_02092032_criminalis-culus,KRIJP_32558_02092032_criminalis-culus_2458.djvu
KRIJP_32559_02092033_cum-curia,KRIJP_32559_02092033_cum-curia_2550.djvu
KRIJP_32561_02092034_curiaculum-czweczko,KRIJP_32561_02092034_curiaculum-czweczko_2228.djvu
KRIJP_32563_02092035_dabilis-de,KRIJP_32563_02092035_dabilis-de_2283.djvu
KRIJP_32564_02092036_de,KRIJP_32564_02092036_de_2391.djvu
KRIJP_32565_02092037_dea-decima,KRIJP_32565_02092037_dea-decima_2797.djvu
KRIJP_32566_02092038_decimalis-dedoceo,KRIJP_32566_02092038_decimalis-dedoceo_2478.djvu
KRIJP_32568_02092039_deducibilis-defleo,KRIJP_32568_02092039_deducibilis-defleo_2760.djvu
KRIJP_32569_02092040_deflexio-demanium,KRIJP_32569_02092040_deflexio-demanium_2856.djvu
KRIJP_32570_02092041_demane-dependentia,KRIJP_32570_02092041_demane-dependentia_2896.djvu
KRIJP_32571_02092042_dependo-desanctifica,KRIJP_32571_02092042_dependo-desanctifica_2828.djvu
KRIJP_32572_02092043_descendens-destitutu,KRIJP_32572_02092043_descendens-destitutu_2615.djvu
KRIJP_32573_02092044_desto-devius,KRIJP_32573_02092044_desto-devius_2902.djvu
KRIJP_32574_02092045_devoluta-dierius,KRIJP_32574_02092045_devoluta-dierius_2612.djvu
KRIJP_32575_02092046_dies-dilatio,KRIJP_32575_02092046_dies-dilatio_2816.djvu
KRIJP_32576_02092047_dilato-disbrigo,KRIJP_32576_02092047_dilato-disbrigo_2504.djvu
KRIJP_32577_02092048_discalceator-disperg,KRIJP_32577_02092048_discalceator-disperg_2807.djvu
KRIJP_32578_02092049_disperse-distinguo,KRIJP_32578_02092049_disperse-distinguo_2816.djvu
KRIJP_32579_02092050_disto-divortionales,KRIJP_32579_02092050_disto-divortionales_2913.djvu
KRIJP_32580_02092051_divortium-dominicali,KRIJP_32580_02092051_divortium-dominicali_3065.djvu
KRIJP_32589_02092052_dominica-dubito,KRIJP_32589_02092052_dominica-dubito_2606.djvu
KRIJP_32590_02092053_dubius-dysentericus,KRIJP_32590_02092053_dubius-dysentericus_2955.djvu
KRIJP_32591_02092054_e-effectuosus,KRIJP_32591_02092054_e-effectuosus_2058.djvu
KRIJP_32592_02092055_effectus-ego,KRIJP_32592_02092055_effectus-ego_2124.djvu
KRIJP_32593_02092056_egredior-elusivus,KRIJP_32593_02092056_egredior-elusivus_2333.djvu
KRIJP_32594_02092057_emaceratio-enormiter,KRIJP_32594_02092057_emaceratio-enormiter_2628.djvu
KRIJP_32595_02092058_ens-equus,KRIJP_32595_02092058_ens-equus_2442.djvu
KRIJP_32596_02092059_er-esse,KRIJP_32596_02092059_er-esse_2495.djvu
KRIJP_32598_02092060_esseda-everto,KRIJP_32598_02092060_esseda-everto_2392.djvu
KRIJP_32599_02092061_evibro-exactus,KRIJP_32599_02092061_evibro-exactus_2623.djvu
KRIJP_32600_02092062_exacuo-exclamo,KRIJP_32600_02092062_exacuo-exclamo_2487.djvu
KRIJP_32601_02092063_exclaratio-exerceo,KRIJP_32601_02092063_exclaratio-exerceo_2655.djvu
KRIJP_32602_02092064_exemplifico-exlex,KRIJP_32602_02092064_exemplifico-exlex_2449.djvu
KRIJP_32603_02092065_exnunc-expertus,KRIJP_32603_02092065_exnunc-expertus_2463.djvu
KRIJP_32604_02092066_expetitio-exsaturo,KRIJP_32604_02092066_expetitio-exsaturo_2543.djvu
KRIJP_32605_02092067_exscindo-extendo,KRIJP_32605_02092067_exscindo-extendo_2662.djvu
KRIJP_32606_02092068_extense-exvium,KRIJP_32606_02092068_extense-exvium_2420.djvu
KRIJP_32607_02092070_facio-facundus,KRIJP_32607_02092070_facio-facundus_2177.djvu
KRIJP_32789_02092071_faecor-fastus,KRIJP_32789_02092071_faecor-fastus_2605.djvu
KRIJP_32791_02092072_fatalis-feruno,KRIJP_32791_02092072_fatalis-feruno_2401.djvu
KRIJP_32793_02092073_fero-ficus,KRIJP_32793_02092073_fero-ficus_2126.djvu
KRIJP_32794_02092069_f-facio,KRIJP_32794_02092069_f-facio_2441.djvu
KRIJP_32795_02092074_fide-filius,KRIJP_32795_02092074_fide-filius_2615.djvu
KRIJP_32796_02092075_filix-flebiliter,KRIJP_32796_02092075_filix-flebiliter_2342.djvu
KRIJP_32797_02092076_flecto-foralis,KRIJP_32797_02092076_flecto-foralis_2268.djvu
KRIJP_32798_02092077_foramen-formosus,KRIJP_32798_02092077_foramen-formosus_1990.djvu
KRIJP_32799_02092078_formula-foveo,KRIJP_32799_02092078_formula-foveo_1849.djvu
KRIJP_32800_02092079_fractillus-fructuosu,KRIJP_32800_02092079_fractillus-fructuosu_2302.djvu
KRIJP_32801_02092080_fructus-funditus,KRIJP_32801_02092080_fructus-funditus_2349.djvu
KRIJP_32803_02092082_gabata-genu,KRIJP_32803_02092082_gabata-genu_2628.djvu
KRIJP_32804_02092083_genuflecto-gluttio,KRIJP_32804_02092083_genuflecto-gluttio_2720.djvu
KRIJP_32805_02092084_glutto-gratulans,KRIJP_32805_02092084_glutto-gratulans_2478.djvu
KRIJP_32806_02092085_gratulanter-gyrus,KRIJP_32806_02092085_gratulanter-gyrus_2433.djvu
KRIJP_32807_02092087_hac-hiematus,KRIJP_32807_02092087_hac-hiematus_2674.djvu
KRIJP_32808_02092086_h-habitus,KRIJP_32808_02092086_h-habitus_2330.djvu
KRIJP_32864_02092088_hiems-horreum,KRIJP_32864_02092088_hiems-horreum_2758.djvu
KRIJP_32865_02092089_horribilis-hystrix,KRIJP_32865_02092089_horribilis-hystrix_2464.djvu
KRIJP_32866_02092091_ignavia-imbuo,KRIJP_32866_02092091_ignavia-imbuo_2419.djvu
KRIJP_32867_02092090_i-ignarus,KRIJP_32867_02092090_i-ignarus_2261.djvu
KRIJP_32868_02092092_immuto-impendium,KRIJP_32868_02092092_immuto-impendium_2554.djvu
KRIJP_32869_02092093_impendo-impollutus,KRIJP_32869_02092093_impendo-impollutus_2522.djvu
KRIJP_32870_02092094_impono-imputridus,KRIJP_32870_02092094_impono-imputridus_2565.djvu
KRIJP_32871_02092095_in1,KRIJP_32871_02092095_in1_2946.djvu
KRIJP_32872_02092096_in2,KRIJP_32872_02092096_in2_2403.djvu
KRIJP_32873_02092097_inabolitus-incitus,KRIJP_32873_02092097_inabolitus-incitus_2307.djvu
KRIJP_32874_02092098_incivilis-increpatot,KRIJP_32874_02092098_incivilis-increpatot_2420.djvu
KRIJP_32875_02092099_increpito-indicium,KRIJP_32875_02092099_increpito-indicium_2536.djvu
KRIJP_32877_02092113_indico-inductivus,KRIJP_32877_02092113_indico-inductivus_2390.djvu
KRIJP_32878_02092114_inductor-infascino,KRIJP_32878_02092114_inductor-infascino_2218.djvu
KRIJP_32879_02092115_infatigabilis-infirm,KRIJP_32879_02092115_infatigabilis-infirm_2290.djvu
KRIJP_32880_02092116_infiscatio-ingero,KRIJP_32880_02092116_infiscatio-ingero_2527.djvu
KRIJP_32881_02092117_ingestio-iniurior,KRIJP_32881_02092117_ingestio-iniurior_2627.djvu
KRIJP_32882_02092118_iniuriose-inscriptio,KRIJP_32882_02092118_iniuriose-inscriptio_2341.djvu
KRIJP_32928_02092119_inscriptiuncula-inst,KRIJP_32928_02092119_inscriptiuncula-inst_2405.djvu
KRIJP_32929_02092120_instantia-integer,KRIJP_32929_02092120_instantia-integer_2704.djvu
KRIJP_32930_02092121_intego-intentus,KRIJP_32930_02092121_intego-intentus_2513.djvu
KRIJP_32931_02092122_inter-interpretor,KRIJP_32931_02092122_inter-interpretor_2784.djvu
KRIJP_32932_02092123_interquiesco-introit,KRIJP_32932_02092123_interquiesco-introit_2439.djvu
KRIJP_32933_02092124_introligatio-invexo,KRIJP_32933_02092124_introligatio-invexo_2483.djvu
KRIJP_32934_02092125_inviaticus-irrigo,KRIJP_32934_02092125_inviaticus-irrigo_2648.djvu
KRIJP_32935_02092126_irriguus-iudiciarius,KRIJP_32935_02092126_irriguus-iudiciarius_2951.djvu
KRIJP_32936_02092127_iudicio-iuristicus,KRIJP_32936_02092127_iudicio-iuristicus_2561.djvu
KRIJP_32937_02092128_iuro-ius,KRIJP_32937_02092128_iuro-ius_2182.djvu
KRIJP_32938_02092129_iusculentum-iva,KRIJP_32938_02092129_iusculentum-iva_1806.djvu
KRIJP_32939_02092142_laetanter-largus,KRIJP_32939_02092142_laetanter-largus_2614.djvu
KRIJP_32940_02092141_la-laetabundus,KRIJP_32940_02092141_la-laetabundus_2366.djvu
KRIJP_32941_02092143_larva-legalis,KRIJP_32941_02092143_larva-legalis_2705.djvu
KRIJP_32942_02092144_legalitas-lex,KRIJP_32942_02092144_legalitas-lex_2514.djvu
KRIJP_32943_02092145_lexicon-ligatura,KRIJP_32943_02092145_lexicon-ligatura_2956.djvu
KRIJP_32944_02092146_ligatus-lito,KRIJP_32944_02092146_ligatus-lito_2568.djvu
KRIJP_32945_02092147_litoralis-loco,KRIJP_32945_02092147_litoralis-loco_2064.djvu
KRIJP_32946_02092148_loculus-lucidus,KRIJP_32946_02092148_loculus-lucidus_2285.djvu
KRIJP_32947_02092149_lucifer-lyrista,KRIJP_32947_02092149_lucifer-lyrista_2455.djvu
KRIJP_32948_02092151_maguderis-maneo,KRIJP_32948_02092151_maguderis-maneo_2508.djvu
KRIJP_32949_02092152_maneria-marchionatus,KRIJP_32949_02092152_maneria-marchionatus_2758.djvu
KRIJP_32950_02092153_marchionista-matrimo,KRIJP_32950_02092153_marchionista-matrimo_2699.djvu
KRIJP_33120_02092154_matrina-medulitus,KRIJP_33120_02092154_matrina-medulitus_2529.djvu
KRIJP_33122_02092155_medullum-menstruus,KRIJP_33122_02092155_medullum-menstruus_2831.djvu
KRIJP_33124_02092156_mensuatim-metaplasmu,KRIJP_33124_02092156_mensuatim-metaplasmu_2714.djvu
KRIJP_33127_02092157_metaphoricus-minstra,KRIJP_33127_02092157_metaphoricus-minstra_2689.djvu
KRIJP_33129_02092158_ministro-mitridatum,KRIJP_33129_02092158_ministro-mitridatum_2222.djvu
KRIJP_33130_02092159_mitto-modus,KRIJP_33130_02092159_mitto-modus_2647.djvu
KRIJP_33132_02092150_m-magnus,KRIJP_33132_02092150_m-magnus_2819.djvu
KRIJP_33135_02092160_moecha-mons,KRIJP_33135_02092160_moecha-mons_2703.djvu
KRIJP_33136_02092161_monstra-mos,KRIJP_33136_02092161_monstra-mos_2496.djvu
KRIJP_33137_02092162_mosaicus-mundifico,KRIJP_33137_02092162_mosaicus-mundifico_2572.djvu
KRIJP_33138_02092163_munditia-mythologia,KRIJP_33138_02092163_munditia-mythologia_2531.djvu
KRIJP_33139_02092164_nabulum-navilium,KRIJP_33139_02092164_nabulum-navilium_2338.djvu
KRIJP_33140_02092165_navis-negotiosus,KRIJP_33140_02092165_navis-negotiosus_2500.djvu
KRIJP_33141_02092166_negotium-nivosus,KRIJP_33141_02092166_negotium-nivosus_2450.djvu
KRIJP_33142_02092167_nix-nostras,KRIJP_33142_02092167_nix-nostras_2597.djvu
KRIJP_33143_02092168_nota-nubilus,KRIJP_33143_02092168_nota-nubilus_2580.djvu
KRIJP_33144_02092169_nubo-nymphula,KRIJP_33144_02092169_nubo-nymphula_2741.djvu
KRIJP_33146_02092172_obstruo-occupo,KRIJP_33146_02092172_obstruo-occupo_2606.djvu
KRIJP_33147_02092173_occurrens-officiperd,KRIJP_33147_02092173_occurrens-officiperd_2853.djvu
KRIJP_33148_02092174_officium-opera,KRIJP_33148_02092174_officium-opera_2646.djvu
KRIJP_33149_02092170_o-obloco,KRIJP_33149_02092170_o-obloco_2504.djvu
KRIJP_33150_02092175_operabilis-opulor,KRIJP_33150_02092175_operabilis-opulor_2741.djvu
KRIJP_33151_02092176_opus-ordo,KRIJP_33151_02092176_opus-ordo_2734.djvu
KRIJP_33152_02092177_oretenus-oxymel,KRIJP_33152_02092177_oretenus-oxymel_2609.djvu
KRIJP_33153_02092179_palustris-paries,KRIJP_33153_02092179_palustris-paries_2512.djvu
KRIJP_33154_02092180_parietalis-participo,KRIJP_33154_02092180_parietalis-participo_2474.djvu
KRIJP_33155_02092181_particula-patenca,KRIJP_33155_02092181_particula-patenca_3048.djvu
KRIJP_33156_02092182_patens-pavus,KRIJP_33156_02092182_patens-pavus_2638.djvu
KRIJP_33157_02092183_pax-pellicio,KRIJP_33157_02092183_pax-pellicio_2430.djvu
KRIJP_33158_02092184_pellicula-pepulatio,KRIJP_33158_02092184_pellicula-pepulatio_2075.djvu
KRIJP_33159_02092185_per,KRIJP_33159_02092185_per_2710.djvu
KRIJP_33160_02092186_pera-perennus,KRIJP_33160_02092186_pera-perennus_2783.djvu
KRIJP_33161_02092187_pereo-peritus,KRIJP_33161_02092187_pereo-peritus_2648.djvu
KRIJP_33162_02092188_periucundus-perplect,KRIJP_33162_02092188_periucundus-perplect_2592.djvu
KRIJP_33251_02092189_perplecto-pertingibi,KRIJP_33251_02092189_perplecto-pertingibi_2763.djvu
KRIJP_33252_02092190_pertingo-petulantia,KRIJP_33252_02092190_pertingo-petulantia_2477.djvu
KRIJP_33253_02092191_petulcus-pirus,KRIJP_33253_02092191_petulcus-pirus_2805.djvu
KRIJP_33254_02092192_pisa-platanus,KRIJP_33254_02092192_pisa-platanus_2794.djvu
KRIJP_33257_02092193_platea-poematium,KRIJP_33257_02092193_platea-poematium_2490.djvu
KRIJP_33258_02092194_poena-pondo,KRIJP_33258_02092194_poena-pondo_2436.djvu
KRIJP_33260_02092196_pondus-porositas,KRIJP_33260_02092196_pondus-porositas_2704.djvu
KRIJP_33261_02092197_porosus-possum,KRIJP_33261_02092197_porosus-possum_2645.djvu
KRIJP_33262_02092198_post-potior,KRIJP_33262_02092198_post-potior_2900.djvu
KRIJP_33263_02092199_potioritas-praeconic,KRIJP_33263_02092199_potioritas-praeconic_2728.djvu
KRIJP_33265_02092178_p-palus,KRIJP_33265_02092178_p-palus_2885.djvu
KRIJP_33267_02092200_praeconium-praegravo,KRIJP_33267_02092200_praeconium-praegravo_2842.djvu
KRIJP_33268_02092201_praegredior-praescri,KRIJP_33268_02092201_praegredior-praescri_2988.djvu
KRIJP_33270_02092202_praescribo-praesum,KRIJP_33270_02092202_praescribo-praesum_2719.djvu
KRIJP_33271_02092203_praesumo-pravitas,KRIJP_33271_02092203_praesumo-pravitas_2653.djvu
KRIJP_33275_02092204_pravo-principa,KRIJP_33275_02092204_pravo-principa_2536.djvu
KRIJP_33277_02092205_principalioritas-pri,KRIJP_33277_02092205_principalioritas-pri_2680.djvu
KRIJP_33278_02092206_pro,KRIJP_33278_02092206_pro_2575.djvu
KRIJP_33280_02092207_proaffuturus-procres,KRIJP_33280_02092207_proaffuturus-procres_2771.djvu
KRIJP_33281_02092208_procul-profiteor,KRIJP_33281_02092208_procul-profiteor_2862.djvu
KRIJP_33283_02092209_profligatio-promoneo,KRIJP_33283_02092209_profligatio-promoneo_2502.djvu
KRIJP_33284_02092210_promortuus-propolium,KRIJP_33284_02092210_promortuus-propolium_2858.djvu
KRIJP_33285_02092211_propono-proproicio,KRIJP_33285_02092211_propono-proproicio_2245.djvu
KRIJP_33287_02092212_propter-protensio,KRIJP_33287_02092212_propter-protensio_2662.djvu
KRIJP_33290_02092213_protensive-provisus,KRIJP_33290_02092213_protensive-provisus_2677.djvu
KRIJP_33622_02092214_provocamen-pulsivus,KRIJP_33622_02092214_provocamen-pulsivus_2695.djvu
KRIJP_33623_02092215_pulso-pyxis,KRIJP_33623_02092215_pulso-pyxis_2490.djvu
KRIJP_33624_02092217_quantitas-querelosus,KRIJP_33624_02092217_quantitas-querelosus_2401.djvu
KRIJP_33625_02092216_qua-quantisper,KRIJP_33625_02092216_qua-quantisper_2641.djvu
KRIJP_33627_02092218_queribundus-quinquag,KRIJP_33627_02092218_queribundus-quinquag_2682.djvu
KRIJP_33628_02092219_quinquaginta-quout,KRIJP_33628_02092219_quinquaginta-quout_2325.djvu
KRIJP_33630_02092220_rabalipton-ratihabit,KRIJP_33630_02092220_rabalipton-ratihabit_1932.djvu
KRIJP_33631_02092221_ratio-reassumptio,KRIJP_33631_02092221_ratio-reassumptio_2670.djvu
KRIJP_33632_02092222_reatus-reclusatorium,KRIJP_33632_02092222_reatus-reclusatorium_3012.djvu
KRIJP_33633_02092223_reclusorium-redditor,KRIJP_33633_02092223_reclusorium-redditor_2625.djvu
KRIJP_33634_02092224_reddo-referio,KRIJP_33634_02092224_reddo-referio_2713.djvu
KRIJP_33635_02092225_refero-regio,KRIJP_33635_02092225_refero-regio_2826.djvu
KRIJP_33636_02092226_regionalis-religio,KRIJP_33636_02092226_regionalis-religio_2759.djvu
KRIJP_33637_02092227_religiose-reparatura,KRIJP_33637_02092227_religiose-reparatura_2968.djvu
KRIJP_33638_02092228_reparo-requialis,KRIJP_33638_02092228_reparo-requialis_3146.djvu
KRIJP_33986_02092229_requies-resignatio,KRIJP_33986_02092229_requies-resignatio_3016.djvu
KRIJP_33987_02092230_resignator-restituto,KRIJP_33987_02092230_resignator-restituto_3033.djvu
KRIJP_33988_02092231_resto-revertor,KRIJP_33988_02092231_resto-revertor_3049.djvu
KRIJP_33989_02092232_revibro-rogito,KRIJP_33989_02092232_revibro-rogito_2887.djvu
KRIJP_33990_02092233_rogo-rymarius,KRIJP_33990_02092233_rogo-rymarius_2824.djvu
KRIJP_33991_02092234_sabaoth-saio,KRIJP_33991_02092234_sabaoth-saio_2794.djvu
KRIJP_33992_02092235_sal-sanguipeta,KRIJP_33992_02092235_sal-sanguipeta_2936.djvu
KRIJP_33993_02092236_sanguis-scalpo,KRIJP_33993_02092236_sanguis-scalpo_2945.djvu
KRIJP_33994_02092237_scalprum-scintillula,KRIJP_33994_02092237_scalprum-scintillula_2449.djvu
KRIJP_33995_02092238_scio-scyphus,KRIJP_33995_02092238_scio-scyphus_2854.djvu
KRIJP_33996_02092239_sebaceus-secutor,KRIJP_33996_02092239_sebaceus-secutor_2573.djvu
KRIJP_33998_02092241_senex-septem,KRIJP_33998_02092241_senex-septem_2500.djvu
KRIJP_33999_02092242_september-serpo,KRIJP_33999_02092242_september-serpo_2768.djvu
KRIJP_34000_02092243_serra-sexus,KRIJP_34000_02092243_serra-sexus_2436.djvu
KRIJP_34001_02092245_silba-sinapizo,KRIJP_34001_02092245_silba-sinapizo_2592.djvu
KRIJP_34002_02092246_sincere-smegmatrix,KRIJP_34002_02092246_sincere-smegmatrix_2288.djvu
KRIJP_34003_02092244_si-signum,KRIJP_34003_02092244_si-signum_2886.djvu
KRIJP_34004_02092247_smix-solusmet,KRIJP_34004_02092247_smix-solusmet_2784.djvu
KRIJP_34005_02092248_soluta-sotularis,KRIJP_34005_02092248_soluta-sotularis_3029.djvu
KRIJP_34006_02092249_spacus-sphragisma,KRIJP_34006_02092249_spacus-sphragisma_2894.djvu
KRIJP_34007_02092250_spica-stamen,KRIJP_34007_02092250_spica-stamen_2746.djvu
KRIJP_34008_02092251_stametum-stivula,KRIJP_34008_02092251_stametum-stivula_2819.djvu
KRIJP_34009_02092252_strzambco-sub,KRIJP_34009_02092252_strzambco-sub_2995.djvu
KRIJP_34010_02092253_subabbrevio-subiectu,KRIJP_34010_02092253_subabbrevio-subiectu_2719.djvu
KRIJP_34011_02092254_subigo-subsidium,KRIJP_34011_02092254_subigo-subsidium_2965.djvu
KRIJP_34012_02092255_subsido-successionar,KRIJP_34012_02092255_subsido-successionar_2739.djvu
KRIJP_34013_02092256_successive-suggestio,KRIJP_34013_02092256_successive-suggestio_2598.djvu
KRIJP_34014_02092257_suggestor-sum,KRIJP_34014_02092257_suggestor-sum_2422.djvu
KRIJP_34015_02092258_sumac-supellex,KRIJP_34015_02092258_sumac-supellex_1267.djvu
KRIJP_34016_02092259_super,KRIJP_34016_02092259_super_2421.djvu
KRIJP_34017_02092260_superabilis-supersti,KRIJP_34017_02092260_superabilis-supersti_2321.djvu
KRIJP_34018_02092261_supersto-supputo,KRIJP_34018_02092261_supersto-supputo_2701.djvu
KRIJP_34020_02092263_sustinentia-szypus,KRIJP_34020_02092263_sustinentia-szypus_2250.djvu
KRIJP_34021_02092264_tabanus-tantusdem,KRIJP_34021_02092264_tabanus-tantusdem_2858.djvu
KRIJP_34022_02092265_tapes-tempto,KRIJP_34022_02092265_tapes-tempto_2633.djvu
KRIJP_34023_02092266_tempus-teneo,KRIJP_34023_02092266_tempus-teneo_2710.djvu
KRIJP_34024_02092267_tener-terminosus,KRIJP_34024_02092267_tener-terminosus_1539.djvu
KRIJP_34025_02092268_terminus,KRIJP_34025_02092268_terminus_1663.djvu
KRIJP_34026_02092269_ternario-testitudo,KRIJP_34026_02092269_ternario-testitudo_2651.djvu
KRIJP_34027_02092270_testo-toga,KRIJP_34027_02092270_testo-toga_2532.djvu
KRIJP_34028_02092271_togatus-tractamentum,KRIJP_34028_02092271_togatus-tractamentum_2668.djvu
KRIJP_34149_02092272_tractatio-transeo,KRIJP_34149_02092272_tractatio-transeo_2894.djvu
KRIJP_34150_02092273_transequitatio-treug,KRIJP_34150_02092273_transequitatio-treug_2502.djvu
KRIJP_34151_02092274_triale-tueor,KRIJP_34151_02092274_triale-tueor_2985.djvu
KRIJP_34152_02092275_tuffa-tyrus,KRIJP_34152_02092275_tuffa-tyrus_2689.djvu
KRIJP_34153_02092277_unguis-usuagium,KRIJP_34153_02092277_unguis-usuagium_2886.djvu
KRIJP_34154_02092278_usualis-uxoror,KRIJP_34154_02092278_usualis-uxoror_2994.djvu
KRIJP_34155_02092276_u-unguimen,KRIJP_34155_02092276_u-unguimen_2959.djvu
KRIJP_34156_02092279_vac-valiture,KRIJP_34156_02092279_vac-valiture_2218.djvu
KRIJP_34157_02092280_valium-velutum,KRIJP_34157_02092280_valium-velutum_2921.djvu
KRIJP_34158_02092281_vemicaria-verbotenus,KRIJP_34158_02092281_vemicaria-verbotenus_2793.djvu
KRIJP_34159_02092282_verbulum-verto,KRIJP_34159_02092282_verbulum-verto_2778.djvu
KRIJP_34160_02092283_vertragus-via,KRIJP_34160_02092283_vertragus-via_2515.djvu
KRIJP_34161_02092284_viabilis-victuarius,KRIJP_34161_02092284_viabilis-victuarius_2573.djvu
KRIJP_34162_02092285_victus-vindiciae,KRIJP_34162_02092285_victus-vindiciae_2545.djvu
KRIJP_34163_02092286_vindico-virtus,KRIJP_34163_02092286_vindico-virtus_2869.djvu
KRIJP_34164_02092287_virulentia-vitrum,KRIJP_34164_02092287_virulentia-vitrum_2496.djvu
KRIJP_34165_02092288_vitta-voluntas,KRIJP_34165_02092288_vitta-voluntas_2577.djvu
KRIJP_34166_02092289_volunto-vulvula,KRIJP_34166_02092289_volunto-vulvula_2443.djvu
KRIJP_34167_02092290_waida-zythum,KRIJP_34167_02092290_waida-zythum_1099.djvu
KRIJP_34168_02092081_fundo-fututor,KRIJP_34168_02092081_fundo-fututor_1841.djvu
KRIJP_34169_02092240_sed-senesco,KRIJP_34169_02092240_sed-senesco_2747.djvu
